treatment,replicate,wavenumber,absorbance
trt1,rep2,3.991926E+02,0.00E+00
trt1,rep2,4.011211E+02,0.00E+00
trt1,rep2,4.030496E+02,0.00E+00
trt1,rep2,4.049780E+02,0.00E+00
trt1,rep2,4.069065E+02,0.00E+00
trt1,rep2,4.088350E+02,0.00E+00
trt1,rep2,4.107634E+02,0.00E+00
trt1,rep2,4.126919E+02,0.00E+00
trt1,rep2,4.146204E+02,0.00E+00
trt1,rep2,4.165488E+02,0.00E+00
trt1,rep2,4.184773E+02,0.00E+00
trt1,rep2,4.204058E+02,0.00E+00
trt1,rep2,4.223342E+02,0.00E+00
trt1,rep2,4.242627E+02,0.00E+00
trt1,rep2,4.261912E+02,0.00E+00
trt1,rep2,4.281196E+02,0.00E+00
trt1,rep2,4.trt1481E+02,0.00E+00
trt1,rep2,4.319766E+02,0.00E+00
trt1,rep2,4.339050E+02,0.00E+00
trt1,rep2,4.358335E+02,0.00E+00
trt1,rep2,4.377620E+02,0.00E+00
trt1,rep2,4.396904E+02,0.00E+00
trt1,rep2,4.416189E+02,0.00E+00
trt1,rep2,4.435474E+02,0.00E+00
trt1,rep2,4.454758E+02,0.00E+00
trt1,rep2,4.474043E+02,0.00E+00
trt1,rep2,4.493328E+02,0.00E+00
trt1,rep2,4.512612E+02,0.00E+00
trt1,rep2,4.531897E+02,0.00E+00
trt1,rep2,4.551182E+02,0.00E+00
trt1,rep2,4.570466E+02,0.00E+00
trt1,rep2,4.589751E+02,0.00E+00
trt1,rep2,4.609036E+02,0.00E+00
trt1,rep2,4.628320E+02,0.00E+00
trt1,rep2,4.647605E+02,0.00E+00
trt1,rep2,4.666890E+02,0.00E+00
trt1,rep2,4.686174E+02,0.00E+00
trt1,rep2,4.705459E+02,0.00E+00
trt1,rep2,4.724744E+02,0.00E+00
trt1,rep2,4.744028E+02,0.00E+00
trt1,rep2,4.763313E+02,0.00E+00
trt1,rep2,4.782598E+02,0.00E+00
trt1,rep2,4.801882E+02,0.00E+00
trt1,rep2,4.821167E+02,0.00E+00
trt1,rep2,4.840452E+02,0.00E+00
trt1,rep2,4.859736E+02,0.00E+00
trt1,rep2,4.879021E+02,0.00E+00
trt1,rep2,4.898306E+02,0.00E+00
trt1,rep2,4.917590E+02,0.00E+00
trt1,rep2,4.936875E+02,0.00E+00
trt1,rep2,4.956160E+02,0.00E+00
trt1,rep2,4.975444E+02,0.00E+00
trt1,rep2,4.994729E+02,0.00E+00
trt1,rep2,5.014014E+02,0.00E+00
trt1,rep2,5.033298E+02,0.00E+00
trt1,rep2,5.052583E+02,0.00E+00
trt1,rep2,5.071868E+02,0.00E+00
trt1,rep2,5.091152E+02,0.00E+00
trt1,rep2,5.110437E+02,0.00E+00
trt1,rep2,5.129722E+02,0.00E+00
trt1,rep2,5.149006E+02,0.00E+00
trt1,rep2,5.168291E+02,0.00E+00
trt1,rep2,5.187576E+02,0.00E+00
trt1,rep2,5.206860E+02,0.00E+00
trt1,rep2,5.226145E+02,0.00E+00
trt1,rep2,5.245430E+02,0.00E+00
trt1,rep2,5.264714E+02,0.00E+00
trt1,rep2,5.283999E+02,0.00E+00
trt1,rep2,5.303284E+02,0.00E+00
trt1,rep2,5.322568E+02,0.00E+00
trt1,rep2,5.341853E+02,0.00E+00
trt1,rep2,5.361138E+02,0.00E+00
trt1,rep2,5.380422E+02,0.00E+00
trt1,rep2,5.399707E+02,0.00E+00
trt1,rep2,5.418992E+02,0.00E+00
trt1,rep2,5.438276E+02,0.00E+00
trt1,rep2,5.457561E+02,0.00E+00
trt1,rep2,5.476846E+02,0.00E+00
trt1,rep2,5.496130E+02,0.00E+00
trt1,rep2,5.515415E+02,0.00E+00
trt1,rep2,5.534700E+02,0.00E+00
trt1,rep2,5.553984E+02,0.00E+00
trt1,rep2,5.573269E+02,0.00E+00
trt1,rep2,5.592554E+02,0.00E+00
trt1,rep2,5.611838E+02,0.00E+00
trt1,rep2,5.631123E+02,0.00E+00
trt1,rep2,5.650408E+02,0.00E+00
trt1,rep2,5.669692E+02,0.00E+00
trt1,rep2,5.688977E+02,0.00E+00
trt1,rep2,5.708262E+02,0.00E+00
trt1,rep2,5.727546E+02,0.00E+00
trt1,rep2,5.746831E+02,0.00E+00
trt1,rep2,5.766116E+02,0.00E+00
trt1,rep2,5.785400E+02,0.00E+00
trt1,rep2,5.804685E+02,0.00E+00
trt1,rep2,5.823970E+02,0.00E+00
trt1,rep2,5.843254E+02,0.00E+00
trt1,rep2,5.862539E+02,0.00E+00
trt1,rep2,5.881824E+02,0.00E+00
trt1,rep2,5.901108E+02,0.00E+00
trt1,rep2,5.920393E+02,0.00E+00
trt1,rep2,5.939678E+02,0.00E+00
trt1,rep2,5.958962E+02,0.00E+00
trt1,rep2,5.978247E+02,0.00E+00
trt1,rep2,5.997532E+02,4.53E-02
trt1,rep2,6.016816E+02,4.82E-02
trt1,rep2,6.036101E+02,4.82E-02
trt1,rep2,6.055386E+02,4.64E-02
trt1,rep2,6.074670E+02,4.60E-02
trt1,rep2,6.093955E+02,4.75E-02
trt1,rep2,6.113240E+02,4.68E-02
trt1,rep2,6.132524E+02,4.13E-02
trt1,rep2,6.151809E+02,3.71E-02
trt1,rep2,6.171094E+02,3.77E-02
trt1,rep2,6.190378E+02,3.55E-02
trt1,rep2,6.209663E+02,3.26E-02
trt1,rep2,6.228948E+02,3.10E-02
trt1,rep2,6.248232E+02,3.37E-02
trt1,rep2,6.267517E+02,3.39E-02
trt1,rep2,6.286802E+02,3.32E-02
trt1,rep2,6.306086E+02,3.21E-02
trt1,rep2,6.325371E+02,3.21E-02
trt1,rep2,6.344656E+02,3.18E-02
trt1,rep2,6.363940E+02,3.08E-02
trt1,rep2,6.383225E+02,2.95E-02
trt1,rep2,6.402510E+02,3.00E-02
trt1,rep2,6.421794E+02,2.98E-02
trt1,rep2,6.441079E+02,3.01E-02
trt1,rep2,6.460364E+02,3.06E-02
trt1,rep2,6.479648E+02,3.12E-02
trt1,rep2,6.498933E+02,3.09E-02
trt1,rep2,6.518218E+02,3.12E-02
trt1,rep2,6.537502E+02,3.18E-02
trt1,rep2,6.556787E+02,3.22E-02
trt1,rep2,6.576072E+02,3.12E-02
trt1,rep2,6.595356E+02,3.11E-02
trt1,rep2,6.614641E+02,3.11E-02
trt1,rep2,6.633926E+02,3.08E-02
trt1,rep2,6.653210E+02,3.12E-02
trt1,rep2,6.672495E+02,3.23E-02
trt1,rep2,6.691780E+02,3.01E-02
trt1,rep2,6.711064E+02,2.89E-02
trt1,rep2,6.730349E+02,2.77E-02
trt1,rep2,6.749634E+02,2.61E-02
trt1,rep2,6.768918E+02,2.39E-02
trt1,rep2,6.788203E+02,2.24E-02
trt1,rep2,6.807488E+02,2.09E-02
trt1,rep2,6.826772E+02,1.94E-02
trt1,rep2,6.846057E+02,1.80E-02
trt1,rep2,6.865342E+02,1.77E-02
trt1,rep2,6.884626E+02,1.75E-02
trt1,rep2,6.903911E+02,1.78E-02
trt1,rep2,6.923196E+02,1.77E-02
trt1,rep2,6.942480E+02,1.71E-02
trt1,rep2,6.961765E+02,1.67E-02
trt1,rep2,6.981050E+02,1.67E-02
trt1,rep2,7.000334E+02,1.64E-02
trt1,rep2,7.019619E+02,1.62E-02
trt1,rep2,7.038904E+02,1.57E-02
trt1,rep2,7.058188E+02,1.53E-02
trt1,rep2,7.077473E+02,1.46E-02
trt1,rep2,7.096758E+02,1.44E-02
trt1,rep2,7.116042E+02,1.42E-02
trt1,rep2,7.135327E+02,1.40E-02
trt1,rep2,7.154612E+02,1.39E-02
trt1,rep2,7.173896E+02,1.40E-02
trt1,rep2,7.193181E+02,1.36E-02
trt1,rep2,7.212466E+02,1.31E-02
trt1,rep2,7.231750E+02,1.25E-02
trt1,rep2,7.251035E+02,1.19E-02
trt1,rep2,7.270320E+02,1.12E-02
trt1,rep2,7.289604E+02,1.08E-02
trt1,rep2,7.308889E+02,1.01E-02
trt1,rep2,7.328174E+02,9.57E-03
trt1,rep2,7.347458E+02,9.08E-03
trt1,rep2,7.366743E+02,8.85E-03
trt1,rep2,7.386028E+02,8.56E-03
trt1,rep2,7.405313E+02,8.56E-03
trt1,rep2,7.424597E+02,8.58E-03
trt1,rep2,7.443882E+02,8.92E-03
trt1,rep2,7.463167E+02,8.98E-03
trt1,rep2,7.482451E+02,8.89E-03
trt1,rep2,7.501736E+02,8.55E-03
trt1,rep2,7.521021E+02,7.84E-03
trt1,rep2,7.540305E+02,7.27E-03
trt1,rep2,7.559590E+02,7.20E-03
trt1,rep2,7.578875E+02,7.03E-03
trt1,rep2,7.598159E+02,6.84E-03
trt1,rep2,7.617444E+02,6.68E-03
trt1,rep2,7.636729E+02,6.79E-03
trt1,rep2,7.656013E+02,6.68E-03
trt1,rep2,7.675298E+02,6.68E-03
trt1,rep2,7.694583E+02,6.65E-03
trt1,rep2,7.713867E+02,6.48E-03
trt1,rep2,7.733152E+02,6.52E-03
trt1,rep2,7.752437E+02,6.82E-03
trt1,rep2,7.771721E+02,6.93E-03
trt1,rep2,7.791006E+02,6.91E-03
trt1,rep2,7.810291E+02,6.84E-03
trt1,rep2,7.829575E+02,6.98E-03
trt1,rep2,7.848860E+02,6.97E-03
trt1,rep2,7.868145E+02,6.91E-03
trt1,rep2,7.887429E+02,6.54E-03
trt1,rep2,7.906714E+02,6.48E-03
trt1,rep2,7.925999E+02,6.75E-03
trt1,rep2,7.945283E+02,6.83E-03
trt1,rep2,7.964568E+02,6.33E-03
trt1,rep2,7.983853E+02,5.72E-03
trt1,rep2,8.003137E+02,5.21E-03
trt1,rep2,8.022422E+02,5.22E-03
trt1,rep2,8.041707E+02,5.27E-03
trt1,rep2,8.060991E+02,5.37E-03
trt1,rep2,8.080276E+02,5.18E-03
trt1,rep2,8.099561E+02,5.05E-03
trt1,rep2,8.118845E+02,4.87E-03
trt1,rep2,8.138130E+02,4.67E-03
trt1,rep2,8.157415E+02,4.42E-03
trt1,rep2,8.176699E+02,4.08E-03
trt1,rep2,8.195984E+02,3.52E-03
trt1,rep2,8.215269E+02,3.40E-03
trt1,rep2,8.234553E+02,3.37E-03
trt1,rep2,8.253838E+02,3.07E-03
trt1,rep2,8.273123E+02,2.48E-03
trt1,rep2,8.292407E+02,2.22E-03
trt1,rep2,8.311692E+02,1.88E-03
trt1,rep2,8.330977E+02,1.43E-03
trt1,rep2,8.350261E+02,1.10E-03
trt1,rep2,8.369546E+02,1.00E-03
trt1,rep2,8.388831E+02,7.27E-04
trt1,rep2,8.408115E+02,5.13E-04
trt1,rep2,8.427400E+02,3.27E-04
trt1,rep2,8.446685E+02,5.52E-04
trt1,rep2,8.465969E+02,6.22E-04
trt1,rep2,8.485254E+02,5.91E-04
trt1,rep2,8.504539E+02,4.17E-04
trt1,rep2,8.523823E+02,3.57E-04
trt1,rep2,8.543108E+02,3.17E-04
trt1,rep2,8.562393E+02,2.19E-04
trt1,rep2,8.581677E+02,-1.52E-06
trt1,rep2,8.600962E+02,3.94E-04
trt1,rep2,8.620247E+02,9.29E-04
trt1,rep2,8.639531E+02,1.14E-03
trt1,rep2,8.658816E+02,1.32E-03
trt1,rep2,8.678101E+02,1.92E-03
trt1,rep2,8.697385E+02,2.59E-03
trt1,rep2,8.716670E+02,3.03E-03
trt1,rep2,8.735955E+02,3.31E-03
trt1,rep2,8.755239E+02,3.85E-03
trt1,rep2,8.774524E+02,4.29E-03
trt1,rep2,8.793809E+02,4.90E-03
trt1,rep2,8.813093E+02,5.64E-03
trt1,rep2,8.832378E+02,6.37E-03
trt1,rep2,8.851663E+02,6.84E-03
trt1,rep2,8.870947E+02,7.54E-03
trt1,rep2,8.890232E+02,8.20E-03
trt1,rep2,8.909517E+02,9.20E-03
trt1,rep2,8.928801E+02,1.03E-02
trt1,rep2,8.948086E+02,1.13E-02
trt1,rep2,8.967371E+02,1.18E-02
trt1,rep2,8.986655E+02,1.19E-02
trt1,rep2,9.005940E+02,1.16E-02
trt1,rep2,9.025225E+02,1.11E-02
trt1,rep2,9.044509E+02,1.06E-02
trt1,rep2,9.063794E+02,1.02E-02
trt1,rep2,9.083079E+02,9.74E-03
trt1,rep2,9.102363E+02,9.79E-03
trt1,rep2,9.121648E+02,9.94E-03
trt1,rep2,9.140933E+02,1.03E-02
trt1,rep2,9.160217E+02,1.08E-02
trt1,rep2,9.179502E+02,1.15E-02
trt1,rep2,9.198787E+02,1.19E-02
trt1,rep2,9.218071E+02,1.25E-02
trt1,rep2,9.237356E+02,1.33E-02
trt1,rep2,9.256641E+02,1.42E-02
trt1,rep2,9.275925E+02,1.50E-02
trt1,rep2,9.295210E+02,1.59E-02
trt1,rep2,9.314495E+02,1.66E-02
trt1,rep2,9.333779E+02,1.73E-02
trt1,rep2,9.353064E+02,1.80E-02
trt1,rep2,9.372349E+02,1.90E-02
trt1,rep2,9.391633E+02,2.00E-02
trt1,rep2,9.410918E+02,2.09E-02
trt1,rep2,9.430203E+02,2.20E-02
trt1,rep2,9.449487E+02,2.32E-02
trt1,rep2,9.468772E+02,2.43E-02
trt1,rep2,9.488057E+02,2.58E-02
trt1,rep2,9.507341E+02,2.73E-02
trt1,rep2,9.526626E+02,2.91E-02
trt1,rep2,9.545911E+02,3.08E-02
trt1,rep2,9.565195E+02,3.26E-02
trt1,rep2,9.584480E+02,3.43E-02
trt1,rep2,9.603765E+02,3.63E-02
trt1,rep2,9.623049E+02,3.85E-02
trt1,rep2,9.642334E+02,4.06E-02
trt1,rep2,9.661619E+02,4.26E-02
trt1,rep2,9.680903E+02,4.45E-02
trt1,rep2,9.700188E+02,4.65E-02
trt1,rep2,9.719473E+02,4.88E-02
trt1,rep2,9.738757E+02,5.09E-02
trt1,rep2,9.758042E+02,5.34E-02
trt1,rep2,9.777327E+02,5.65E-02
trt1,rep2,9.796611E+02,6.01E-02
trt1,rep2,9.815896E+02,6.35E-02
trt1,rep2,9.835181E+02,6.71E-02
trt1,rep2,9.854465E+02,7.05E-02
trt1,rep2,9.873750E+02,7.36E-02
trt1,rep2,9.893035E+02,7.59E-02
trt1,rep2,9.912319E+02,7.81E-02
trt1,rep2,9.931604E+02,8.00E-02
trt1,rep2,9.950889E+02,8.17E-02
trt1,rep2,9.970173E+02,8.34E-02
trt1,rep2,9.989458E+02,8.52E-02
trt1,rep2,1.000874E+03,8.70E-02
trt1,rep2,1.002803E+03,8.87E-02
trt1,rep2,1.004731E+03,9.04E-02
trt1,rep2,1.006660E+03,9.26E-02
trt1,rep2,1.008588E+03,9.46E-02
trt1,rep2,1.010517E+03,9.67E-02
trt1,rep2,1.012445E+03,9.87E-02
trt1,rep2,1.014374E+03,1.01E-01
trt1,rep2,1.016302E+03,1.03E-01
trt1,rep2,1.018230E+03,1.05E-01
trt1,rep2,1.020159E+03,1.07E-01
trt1,rep2,1.022087E+03,1.09E-01
trt1,rep2,1.024016E+03,1.10E-01
trt1,rep2,1.025944E+03,1.11E-01
trt1,rep2,1.027873E+03,1.12E-01
trt1,rep2,1.029801E+03,1.13E-01
trt1,rep2,1.031730E+03,1.13E-01
trt1,rep2,1.033658E+03,1.13E-01
trt1,rep2,1.035587E+03,1.12E-01
trt1,rep2,1.037515E+03,1.12E-01
trt1,rep2,1.039444E+03,1.11E-01
trt1,rep2,1.041372E+03,1.10E-01
trt1,rep2,1.043301E+03,1.10E-01
trt1,rep2,1.045229E+03,1.10E-01
trt1,rep2,1.047157E+03,1.11E-01
trt1,rep2,1.049086E+03,1.11E-01
trt1,rep2,1.051014E+03,1.12E-01
trt1,rep2,1.052943E+03,1.11E-01
trt1,rep2,1.054871E+03,1.10E-01
trt1,rep2,1.056800E+03,1.09E-01
trt1,rep2,1.058728E+03,1.07E-01
trt1,rep2,1.060657E+03,1.06E-01
trt1,rep2,1.062585E+03,1.03E-01
trt1,rep2,1.064514E+03,1.01E-01
trt1,rep2,1.066442E+03,9.84E-02
trt1,rep2,1.068371E+03,9.59E-02
trt1,rep2,1.070299E+03,9.36E-02
trt1,rep2,1.072228E+03,9.19E-02
trt1,rep2,1.074156E+03,9.02E-02
trt1,rep2,1.076084E+03,8.89E-02
trt1,rep2,1.078013E+03,8.75E-02
trt1,rep2,1.079941E+03,8.64E-02
trt1,rep2,1.081870E+03,8.56E-02
trt1,rep2,1.083798E+03,8.55E-02
trt1,rep2,1.085727E+03,8.55E-02
trt1,rep2,1.087655E+03,8.59E-02
trt1,rep2,1.089584E+03,8.63E-02
trt1,rep2,1.091512E+03,8.68E-02
trt1,rep2,1.093441E+03,8.68E-02
trt1,rep2,1.095369E+03,8.66E-02
trt1,rep2,1.097298E+03,8.62E-02
trt1,rep2,1.099226E+03,8.58E-02
trt1,rep2,1.101155E+03,8.50E-02
trt1,rep2,1.103083E+03,8.38E-02
trt1,rep2,1.105011E+03,8.20E-02
trt1,rep2,1.106940E+03,8.01E-02
trt1,rep2,1.108868E+03,7.77E-02
trt1,rep2,1.110797E+03,7.53E-02
trt1,rep2,1.112725E+03,7.26E-02
trt1,rep2,1.114654E+03,7.00E-02
trt1,rep2,1.116582E+03,6.76E-02
trt1,rep2,1.118511E+03,6.56E-02
trt1,rep2,1.120439E+03,6.37E-02
trt1,rep2,1.122368E+03,6.22E-02
trt1,rep2,1.124296E+03,6.01E-02
trt1,rep2,1.126225E+03,5.79E-02
trt1,rep2,1.128153E+03,5.56E-02
trt1,rep2,1.1trt182E+03,5.37E-02
trt1,rep2,1.132010E+03,5.20E-02
trt1,rep2,1.133938E+03,5.07E-02
trt1,rep2,1.135867E+03,4.97E-02
trt1,rep2,1.137795E+03,4.88E-02
trt1,rep2,1.139724E+03,4.83E-02
trt1,rep2,1.141652E+03,4.85E-02
trt1,rep2,1.143581E+03,4.88E-02
trt1,rep2,1.14trt29E+03,4.92E-02
trt1,rep2,1.147438E+03,4.95E-02
trt1,rep2,1.149366E+03,5.00E-02
trt1,rep2,1.151295E+03,5.05E-02
trt1,rep2,1.153223E+03,5.08E-02
trt1,rep2,1.155152E+03,5.09E-02
trt1,rep2,1.157080E+03,5.09E-02
trt1,rep2,1.159009E+03,5.06E-02
trt1,rep2,1.160937E+03,4.98E-02
trt1,rep2,1.162865E+03,4.84E-02
trt1,rep2,1.164794E+03,4.69E-02
trt1,rep2,1.166722E+03,4.51E-02
trt1,rep2,1.168651E+03,4.33E-02
trt1,rep2,1.170579E+03,4.14E-02
trt1,rep2,1.172508E+03,3.95E-02
trt1,rep2,1.174436E+03,3.79E-02
trt1,rep2,1.176365E+03,3.67E-02
trt1,rep2,1.178293E+03,3.56E-02
trt1,rep2,1.180222E+03,3.47E-02
trt1,rep2,1.182150E+03,3.43E-02
trt1,rep2,1.184079E+03,3.44E-02
trt1,rep2,1.186007E+03,3.46E-02
trt1,rep2,1.187936E+03,3.50E-02
trt1,rep2,1.189864E+03,3.55E-02
trt1,rep2,1.191792E+03,3.62E-02
trt1,rep2,1.193721E+03,3.69E-02
trt1,rep2,1.195649E+03,3.75E-02
trt1,rep2,1.197578E+03,3.77E-02
trt1,rep2,1.199506E+03,3.79E-02
trt1,rep2,1.201435E+03,3.77E-02
trt1,rep2,1.203363E+03,3.72E-02
trt1,rep2,1.205292E+03,3.63E-02
trt1,rep2,1.207220E+03,3.54E-02
trt1,rep2,1.209149E+03,3.44E-02
trt1,rep2,1.211077E+03,3.36E-02
trt1,rep2,1.21trt16E+03,3.30E-02
trt1,rep2,1.214934E+03,3.28E-02
trt1,rep2,1.216863E+03,3.28E-02
trt1,rep2,1.218791E+03,3.31E-02
trt1,rep2,1.220719E+03,3.34E-02
trt1,rep2,1.222648E+03,3.38E-02
trt1,rep2,1.224576E+03,3.41E-02
trt1,rep2,1.226505E+03,3.44E-02
trt1,rep2,1.228433E+03,3.47E-02
trt1,rep2,1.230362E+03,3.49E-02
trt1,rep2,1.232290E+03,3.51E-02
trt1,rep2,1.234219E+03,3.52E-02
trt1,rep2,1.236147E+03,3.52E-02
trt1,rep2,1.238076E+03,3.51E-02
trt1,rep2,1.240004E+03,3.50E-02
trt1,rep2,1.241933E+03,3.48E-02
trt1,rep2,1.243861E+03,3.46E-02
trt1,rep2,1.245790E+03,3.44E-02
trt1,rep2,1.247718E+03,3.41E-02
trt1,rep2,1.249646E+03,3.39E-02
trt1,rep2,1.251575E+03,3.38E-02
trt1,rep2,1.253503E+03,3.37E-02
trt1,rep2,1.255432E+03,3.38E-02
trt1,rep2,1.257360E+03,3.39E-02
trt1,rep2,1.259289E+03,3.38E-02
trt1,rep2,1.261217E+03,3.36E-02
trt1,rep2,1.263146E+03,3.34E-02
trt1,rep2,1.265074E+03,3.32E-02
trt1,rep2,1.267003E+03,3.30E-02
trt1,rep2,1.268931E+03,3.29E-02
trt1,rep2,1.270860E+03,3.27E-02
trt1,rep2,1.272788E+03,3.25E-02
trt1,rep2,1.274717E+03,3.24E-02
trt1,rep2,1.276645E+03,3.22E-02
trt1,rep2,1.278573E+03,3.21E-02
trt1,rep2,1.280502E+03,3.20E-02
trt1,rep2,1.282430E+03,3.19E-02
trt1,rep2,1.284359E+03,3.17E-02
trt1,rep2,1.286287E+03,3.16E-02
trt1,rep2,1.288216E+03,3.15E-02
trt1,rep2,1.290144E+03,3.15E-02
trt1,rep2,1.292073E+03,3.17E-02
trt1,rep2,1.294001E+03,3.19E-02
trt1,rep2,1.295930E+03,3.22E-02
trt1,rep2,1.297858E+03,3.25E-02
trt1,rep2,1.299787E+03,3.30E-02
trt1,rep2,1.301715E+03,3.34E-02
trt1,rep2,1.303644E+03,3.39E-02
trt1,rep2,1.305572E+03,3.45E-02
trt1,rep2,1.307500E+03,3.51E-02
trt1,rep2,1.309429E+03,3.57E-02
trt1,rep2,1.311357E+03,3.63E-02
trt1,rep2,1.313286E+03,3.65E-02
trt1,rep2,1.315214E+03,3.66E-02
trt1,rep2,1.317143E+03,3.65E-02
trt1,rep2,1.319071E+03,3.61E-02
trt1,rep2,1.321000E+03,3.56E-02
trt1,rep2,1.322928E+03,3.53E-02
trt1,rep2,1.324857E+03,3.50E-02
trt1,rep2,1.326785E+03,3.48E-02
trt1,rep2,1.328714E+03,3.47E-02
trt1,rep2,1.330642E+03,3.47E-02
trt1,rep2,1.332571E+03,3.48E-02
trt1,rep2,1.334499E+03,3.50E-02
trt1,rep2,1.336427E+03,3.51E-02
trt1,rep2,1.338356E+03,3.50E-02
trt1,rep2,1.340284E+03,3.44E-02
trt1,rep2,1.342213E+03,3.44E-02
trt1,rep2,1.344141E+03,3.47E-02
trt1,rep2,1.346070E+03,3.50E-02
trt1,rep2,1.347998E+03,3.54E-02
trt1,rep2,1.349927E+03,3.58E-02
trt1,rep2,1.351855E+03,3.63E-02
trt1,rep2,1.353784E+03,3.70E-02
trt1,rep2,1.355712E+03,3.75E-02
trt1,rep2,1.357641E+03,3.82E-02
trt1,rep2,1.359569E+03,3.92E-02
trt1,rep2,1.361498E+03,3.99E-02
trt1,rep2,1.363426E+03,4.01E-02
trt1,rep2,1.365354E+03,4.09E-02
trt1,rep2,1.367283E+03,4.17E-02
trt1,rep2,1.369211E+03,4.19E-02
trt1,rep2,1.371140E+03,4.23E-02
trt1,rep2,1.373068E+03,4.24E-02
trt1,rep2,1.374997E+03,4.15E-02
trt1,rep2,1.376925E+03,4.14E-02
trt1,rep2,1.378854E+03,4.13E-02
trt1,rep2,1.380782E+03,4.10E-02
trt1,rep2,1.382711E+03,4.07E-02
trt1,rep2,1.384639E+03,4.09E-02
trt1,rep2,1.386568E+03,4.06E-02
trt1,rep2,1.388496E+03,3.97E-02
trt1,rep2,1.390425E+03,3.99E-02
trt1,rep2,1.392353E+03,4.05E-02
trt1,rep2,1.394281E+03,4.05E-02
trt1,rep2,1.396210E+03,4.02E-02
trt1,rep2,1.398138E+03,4.04E-02
trt1,rep2,1.400067E+03,4.01E-02
trt1,rep2,1.401995E+03,4.08E-02
trt1,rep2,1.403924E+03,4.12E-02
trt1,rep2,1.405852E+03,4.08E-02
trt1,rep2,1.407781E+03,4.12E-02
trt1,rep2,1.409709E+03,4.16E-02
trt1,rep2,1.411638E+03,4.19E-02
trt1,rep2,1.413566E+03,4.22E-02
trt1,rep2,1.415495E+03,4.28E-02
trt1,rep2,1.417423E+03,4.32E-02
trt1,rep2,1.419352E+03,4.19E-02
trt1,rep2,1.421280E+03,4.20E-02
trt1,rep2,1.423208E+03,4.23E-02
trt1,rep2,1.425137E+03,4.19E-02
trt1,rep2,1.427065E+03,4.22E-02
trt1,rep2,1.428994E+03,4.21E-02
trt1,rep2,1.430922E+03,4.14E-02
trt1,rep2,1.432851E+03,4.14E-02
trt1,rep2,1.434779E+03,4.17E-02
trt1,rep2,1.436708E+03,4.00E-02
trt1,rep2,1.438636E+03,3.89E-02
trt1,rep2,1.440565E+03,3.90E-02
trt1,rep2,1.442493E+03,3.88E-02
trt1,rep2,1.444422E+03,3.88E-02
trt1,rep2,1.446350E+03,3.87E-02
trt1,rep2,1.448279E+03,3.78E-02
trt1,rep2,1.450207E+03,3.75E-02
trt1,rep2,1.452135E+03,3.73E-02
trt1,rep2,1.454064E+03,3.74E-02
trt1,rep2,1.455992E+03,3.70E-02
trt1,rep2,1.457921E+03,3.29E-02
trt1,rep2,1.459849E+03,3.23E-02
trt1,rep2,1.461778E+03,3.28E-02
trt1,rep2,1.463706E+03,3.23E-02
trt1,rep2,1.465635E+03,2.97E-02
trt1,rep2,1.467563E+03,2.83E-02
trt1,rep2,1.469492E+03,2.76E-02
trt1,rep2,1.471420E+03,2.61E-02
trt1,rep2,1.473349E+03,2.25E-02
trt1,rep2,1.475277E+03,2.13E-02
trt1,rep2,1.477206E+03,2.06E-02
trt1,rep2,1.479134E+03,2.05E-02
trt1,rep2,1.481063E+03,2.02E-02
trt1,rep2,1.482991E+03,2.00E-02
trt1,rep2,1.484919E+03,2.05E-02
trt1,rep2,1.486848E+03,2.09E-02
trt1,rep2,1.488776E+03,2.10E-02
trt1,rep2,1.490705E+03,2.07E-02
trt1,rep2,1.492633E+03,2.17E-02
trt1,rep2,1.494562E+03,2.29E-02
trt1,rep2,1.496490E+03,2.35E-02
trt1,rep2,1.498419E+03,2.37E-02
trt1,rep2,1.500347E+03,2.46E-02
trt1,rep2,1.502276E+03,2.59E-02
trt1,rep2,1.504204E+03,2.76E-02
trt1,rep2,1.506133E+03,2.84E-02
trt1,rep2,1.508061E+03,2.73E-02
trt1,rep2,1.509990E+03,2.88E-02
trt1,rep2,1.511918E+03,3.02E-02
trt1,rep2,1.513846E+03,3.13E-02
trt1,rep2,1.515775E+03,3.17E-02
trt1,rep2,1.517703E+03,3.07E-02
trt1,rep2,1.519632E+03,3.13E-02
trt1,rep2,1.521560E+03,3.01E-02
trt1,rep2,1.523489E+03,2.99E-02
trt1,rep2,1.525417E+03,3.03E-02
trt1,rep2,1.527346E+03,3.05E-02
trt1,rep2,1.529274E+03,3.13E-02
trt1,rep2,1.531203E+03,3.27E-02
trt1,rep2,1.533131E+03,3.32E-02
trt1,rep2,1.535060E+03,3.38E-02
trt1,rep2,1.536988E+03,3.57E-02
trt1,rep2,1.538917E+03,3.74E-02
trt1,rep2,1.540845E+03,3.70E-02
trt1,rep2,1.542773E+03,3.82E-02
trt1,rep2,1.544702E+03,3.88E-02
trt1,rep2,1.546630E+03,4.03E-02
trt1,rep2,1.548559E+03,4.19E-02
trt1,rep2,1.trt2487E+03,4.28E-02
trt1,rep2,1.552416E+03,4.41E-02
trt1,rep2,1.554344E+03,4.54E-02
trt1,rep2,1.556273E+03,4.71E-02
trt1,rep2,1.558201E+03,4.83E-02
trt1,rep2,1.560130E+03,4.60E-02
trt1,rep2,1.562058E+03,4.84E-02
trt1,rep2,1.563987E+03,4.98E-02
trt1,rep2,1.565915E+03,5.06E-02
trt1,rep2,1.567844E+03,5.18E-02
trt1,rep2,1.569772E+03,5.12E-02
trt1,rep2,1.571700E+03,5.19E-02
trt1,rep2,1.573629E+03,5.40E-02
trt1,rep2,1.575557E+03,5.42E-02
trt1,rep2,1.577486E+03,5.30E-02
trt1,rep2,1.579414E+03,5.40E-02
trt1,rep2,1.581343E+03,5.47E-02
trt1,rep2,1.583271E+03,5.50E-02
trt1,rep2,1.585200E+03,5.52E-02
trt1,rep2,1.587128E+03,5.54E-02
trt1,rep2,1.589057E+03,5.55E-02
trt1,rep2,1.590985E+03,5.55E-02
trt1,rep2,1.592914E+03,5.54E-02
trt1,rep2,1.594842E+03,5.50E-02
trt1,rep2,1.596771E+03,5.44E-02
trt1,rep2,1.598699E+03,5.41E-02
trt1,rep2,1.600627E+03,5.37E-02
trt1,rep2,1.602556E+03,5.30E-02
trt1,rep2,1.604484E+03,5.24E-02
trt1,rep2,1.606413E+03,5.20E-02
trt1,rep2,1.608341E+03,5.11E-02
trt1,rep2,1.610270E+03,5.00E-02
trt1,rep2,1.612198E+03,4.95E-02
trt1,rep2,1.614127E+03,4.97E-02
trt1,rep2,1.616055E+03,4.85E-02
trt1,rep2,1.617984E+03,4.62E-02
trt1,rep2,1.619912E+03,4.68E-02
trt1,rep2,1.621841E+03,4.70E-02
trt1,rep2,1.623769E+03,4.53E-02
trt1,rep2,1.625698E+03,4.49E-02
trt1,rep2,1.627626E+03,4.45E-02
trt1,rep2,1.629554E+03,4.37E-02
trt1,rep2,1.631483E+03,4.41E-02
trt1,rep2,1.633411E+03,4.49E-02
trt1,rep2,1.635340E+03,4.43E-02
trt1,rep2,1.637268E+03,4.21E-02
trt1,rep2,1.639197E+03,4.24E-02
trt1,rep2,1.641125E+03,4.26E-02
trt1,rep2,1.643054E+03,4.30E-02
trt1,rep2,1.644982E+03,4.35E-02
trt1,rep2,1.646911E+03,4.13E-02
trt1,rep2,1.648839E+03,4.07E-02
trt1,rep2,1.650768E+03,4.27E-02
trt1,rep2,1.652696E+03,4.21E-02
trt1,rep2,1.654625E+03,3.86E-02
trt1,rep2,1.656553E+03,3.94E-02
trt1,rep2,1.658481E+03,3.98E-02
trt1,rep2,1.660410E+03,3.98E-02
trt1,rep2,1.662338E+03,3.87E-02
trt1,rep2,1.664267E+03,3.76E-02
trt1,rep2,1.666195E+03,3.82E-02
trt1,rep2,1.668124E+03,3.84E-02
trt1,rep2,1.670052E+03,3.67E-02
trt1,rep2,1.671981E+03,3.62E-02
trt1,rep2,1.673909E+03,3.65E-02
trt1,rep2,1.675838E+03,3.52E-02
trt1,rep2,1.677766E+03,3.53E-02
trt1,rep2,1.679695E+03,3.55E-02
trt1,rep2,1.681623E+03,3.59E-02
trt1,rep2,1.683552E+03,3.53E-02
trt1,rep2,1.685480E+03,3.33E-02
trt1,rep2,1.687408E+03,3.41E-02
trt1,rep2,1.689337E+03,3.40E-02
trt1,rep2,1.691265E+03,3.39E-02
trt1,rep2,1.693194E+03,3.46E-02
trt1,rep2,1.695122E+03,3.48E-02
trt1,rep2,1.697051E+03,3.37E-02
trt1,rep2,1.698979E+03,3.40E-02
trt1,rep2,1.700908E+03,3.24E-02
trt1,rep2,1.702836E+03,3.30E-02
trt1,rep2,1.704765E+03,3.31E-02
trt1,rep2,1.706693E+03,3.20E-02
trt1,rep2,1.708622E+03,3.18E-02
trt1,rep2,1.710trt2E+03,3.16E-02
trt1,rep2,1.712479E+03,3.14E-02
trt1,rep2,1.714407E+03,3.10E-02
trt1,rep2,1.716335E+03,2.96E-02
trt1,rep2,1.718264E+03,2.71E-02
trt1,rep2,1.720192E+03,2.68E-02
trt1,rep2,1.722121E+03,2.69E-02
trt1,rep2,1.724049E+03,2.64E-02
trt1,rep2,1.725978E+03,2.61E-02
trt1,rep2,1.727906E+03,2.59E-02
trt1,rep2,1.729835E+03,2.55E-02
trt1,rep2,1.731763E+03,2.55E-02
trt1,rep2,1.733692E+03,2.39E-02
trt1,rep2,1.735620E+03,2.16E-02
trt1,rep2,1.737549E+03,2.15E-02
trt1,rep2,1.739477E+03,1.95E-02
trt1,rep2,1.741406E+03,1.74E-02
trt1,rep2,1.743334E+03,1.58E-02
trt1,rep2,1.745262E+03,1.43E-02
trt1,rep2,1.747191E+03,1.31E-02
trt1,rep2,1.749119E+03,1.14E-02
trt1,rep2,1.751048E+03,9.73E-03
trt1,rep2,1.752976E+03,8.69E-03
trt1,rep2,1.754905E+03,8.20E-03
trt1,rep2,1.756833E+03,7.26E-03
trt1,rep2,1.758762E+03,6.59E-03
trt1,rep2,1.760690E+03,6.30E-03
trt1,rep2,1.762619E+03,5.44E-03
trt1,rep2,1.764547E+03,5.14E-03
trt1,rep2,1.766476E+03,4.88E-03
trt1,rep2,1.768404E+03,4.48E-03
trt1,rep2,1.770333E+03,4.26E-03
trt1,rep2,1.772261E+03,3.61E-03
trt1,rep2,1.774189E+03,3.15E-03
trt1,rep2,1.776118E+03,3.14E-03
trt1,rep2,1.778046E+03,2.91E-03
trt1,rep2,1.779975E+03,2.56E-03
trt1,rep2,1.781903E+03,2.23E-03
trt1,rep2,1.783832E+03,2.18E-03
trt1,rep2,1.785760E+03,1.92E-03
trt1,rep2,1.787689E+03,1.85E-03
trt1,rep2,1.789617E+03,1.72E-03
trt1,rep2,1.791546E+03,1.29E-03
trt1,rep2,1.793474E+03,8.01E-04
trt1,rep2,1.795403E+03,9.13E-04
trt1,rep2,1.797331E+03,8.10E-04
trt1,rep2,1.799260E+03,6.78E-04
trt1,rep2,1.801188E+03,3.73E-04
trt1,rep2,1.803116E+03,3.11E-04
trt1,rep2,1.805045E+03,3.41E-04
trt1,rep2,1.806973E+03,3.78E-04
trt1,rep2,1.808902E+03,2.35E-04
trt1,rep2,1.810830E+03,1.60E-04
trt1,rep2,1.812759E+03,9.01E-05
trt1,rep2,1.814687E+03,1.71E-04
trt1,rep2,1.816616E+03,1.87E-04
trt1,rep2,1.818544E+03,3.73E-04
trt1,rep2,1.820473E+03,4.54E-04
trt1,rep2,1.822401E+03,5.77E-04
trt1,rep2,1.824330E+03,5.39E-04
trt1,rep2,1.826258E+03,6.17E-04
trt1,rep2,1.828187E+03,7.62E-04
trt1,rep2,1.830115E+03,7.74E-04
trt1,rep2,1.832043E+03,8.98E-04
trt1,rep2,1.833972E+03,1.29E-03
trt1,rep2,1.835900E+03,1.42E-03
trt1,rep2,1.837829E+03,1.37E-03
trt1,rep2,1.839757E+03,1.31E-03
trt1,rep2,1.841686E+03,1.48E-03
trt1,rep2,1.843614E+03,1.43E-03
trt1,rep2,1.845543E+03,1.66E-03
trt1,rep2,1.847471E+03,1.91E-03
trt1,rep2,1.849400E+03,2.04E-03
trt1,rep2,1.851328E+03,2.08E-03
trt1,rep2,1.853257E+03,2.30E-03
trt1,rep2,1.855185E+03,2.38E-03
trt1,rep2,1.857114E+03,2.63E-03
trt1,rep2,1.859042E+03,2.78E-03
trt1,rep2,1.860970E+03,2.97E-03
trt1,rep2,1.862899E+03,3.02E-03
trt1,rep2,1.864827E+03,2.99E-03
trt1,rep2,1.866756E+03,2.85E-03
trt1,rep2,1.868684E+03,3.15E-03
trt1,rep2,1.870613E+03,3.45E-03
trt1,rep2,1.872541E+03,3.80E-03
trt1,rep2,1.874470E+03,3.86E-03
trt1,rep2,1.876398E+03,3.85E-03
trt1,rep2,1.878327E+03,3.87E-03
trt1,rep2,1.880255E+03,4.08E-03
trt1,rep2,1.882184E+03,4.15E-03
trt1,rep2,1.884112E+03,4.49E-03
trt1,rep2,1.886041E+03,4.77E-03
trt1,rep2,1.887969E+03,4.80E-03
trt1,rep2,1.889897E+03,4.62E-03
trt1,rep2,1.891826E+03,4.79E-03
trt1,rep2,1.893754E+03,5.01E-03
trt1,rep2,1.895683E+03,5.27E-03
trt1,rep2,1.897611E+03,5.27E-03
trt1,rep2,1.899540E+03,5.36E-03
trt1,rep2,1.901468E+03,5.56E-03
trt1,rep2,1.903397E+03,5.87E-03
trt1,rep2,1.905325E+03,5.98E-03
trt1,rep2,1.907254E+03,6.17E-03
trt1,rep2,1.909182E+03,6.29E-03
trt1,rep2,1.911111E+03,6.49E-03
trt1,rep2,1.913039E+03,6.61E-03
trt1,rep2,1.914968E+03,6.87E-03
trt1,rep2,1.916896E+03,6.89E-03
trt1,rep2,1.918824E+03,6.78E-03
trt1,rep2,1.920753E+03,6.69E-03
trt1,rep2,1.922681E+03,6.91E-03
trt1,rep2,1.924610E+03,7.24E-03
trt1,rep2,1.926538E+03,7.53E-03
trt1,rep2,1.928467E+03,7.49E-03
trt1,rep2,1.930395E+03,7.52E-03
trt1,rep2,1.932324E+03,7.45E-03
trt1,rep2,1.934252E+03,7.61E-03
trt1,rep2,1.936181E+03,7.80E-03
trt1,rep2,1.938109E+03,8.14E-03
trt1,rep2,1.940038E+03,8.48E-03
trt1,rep2,1.941966E+03,8.94E-03
trt1,rep2,1.943895E+03,8.97E-03
trt1,rep2,1.945823E+03,9.09E-03
trt1,rep2,1.947751E+03,9.15E-03
trt1,rep2,1.949680E+03,9.08E-03
trt1,rep2,1.951608E+03,8.80E-03
trt1,rep2,1.953537E+03,8.97E-03
trt1,rep2,1.955465E+03,8.87E-03
trt1,rep2,1.957394E+03,8.93E-03
trt1,rep2,1.959322E+03,9.14E-03
trt1,rep2,1.961251E+03,9.73E-03
trt1,rep2,1.963179E+03,1.03E-02
trt1,rep2,1.965108E+03,1.04E-02
trt1,rep2,1.967036E+03,1.01E-02
trt1,rep2,1.968965E+03,1.01E-02
trt1,rep2,1.970893E+03,1.02E-02
trt1,rep2,1.972822E+03,1.06E-02
trt1,rep2,1.974750E+03,1.07E-02
trt1,rep2,1.976678E+03,1.15E-02
trt1,rep2,1.978607E+03,1.22E-02
trt1,rep2,1.980535E+03,1.21E-02
trt1,rep2,1.982464E+03,1.16E-02
trt1,rep2,1.984392E+03,1.20E-02
trt1,rep2,1.986321E+03,1.20E-02
trt1,rep2,1.988249E+03,1.19E-02
trt1,rep2,1.990178E+03,1.19E-02
trt1,rep2,1.992106E+03,1.18E-02
trt1,rep2,1.994035E+03,1.19E-02
trt1,rep2,1.995963E+03,1.23E-02
trt1,rep2,1.997892E+03,1.24E-02
trt1,rep2,1.999820E+03,1.23E-02
trt1,rep2,2.001749E+03,1.21E-02
trt1,rep2,2.003677E+03,1.22E-02
trt1,rep2,2.005605E+03,1.25E-02
trt1,rep2,2.007534E+03,1.34E-02
trt1,rep2,2.009462E+03,1.34E-02
trt1,rep2,2.011391E+03,1.30E-02
trt1,rep2,2.013319E+03,1.29E-02
trt1,rep2,2.015248E+03,1.28E-02
trt1,rep2,2.017176E+03,1.28E-02
trt1,rep2,2.019105E+03,1.33E-02
trt1,rep2,2.021033E+03,1.37E-02
trt1,rep2,2.022962E+03,1.44E-02
trt1,rep2,2.024890E+03,1.46E-02
trt1,rep2,2.026819E+03,1.47E-02
trt1,rep2,2.028747E+03,1.48E-02
trt1,rep2,2.030676E+03,1.51E-02
trt1,rep2,2.032604E+03,1.52E-02
trt1,rep2,2.034532E+03,1.52E-02
trt1,rep2,2.036461E+03,1.51E-02
trt1,rep2,2.038389E+03,1.53E-02
trt1,rep2,2.040318E+03,1.51E-02
trt1,rep2,2.042246E+03,1.50E-02
trt1,rep2,2.044175E+03,1.52E-02
trt1,rep2,2.046103E+03,1.56E-02
trt1,rep2,2.048032E+03,1.62E-02
trt1,rep2,2.049960E+03,1.65E-02
trt1,rep2,2.051889E+03,1.59E-02
trt1,rep2,2.053817E+03,1.53E-02
trt1,rep2,2.055746E+03,1.54E-02
trt1,rep2,2.057674E+03,1.55E-02
trt1,rep2,2.059603E+03,1.54E-02
trt1,rep2,2.061531E+03,1.56E-02
trt1,rep2,2.063459E+03,1.55E-02
trt1,rep2,2.065388E+03,1.54E-02
trt1,rep2,2.067316E+03,1.56E-02
trt1,rep2,2.069245E+03,1.58E-02
trt1,rep2,2.071173E+03,1.58E-02
trt1,rep2,2.073102E+03,1.58E-02
trt1,rep2,2.075030E+03,1.58E-02
trt1,rep2,2.076959E+03,1.60E-02
trt1,rep2,2.078887E+03,1.61E-02
trt1,rep2,2.080816E+03,1.62E-02
trt1,rep2,2.082744E+03,1.63E-02
trt1,rep2,2.084673E+03,1.62E-02
trt1,rep2,2.086601E+03,1.60E-02
trt1,rep2,2.088530E+03,1.62E-02
trt1,rep2,2.090458E+03,1.61E-02
trt1,rep2,2.092386E+03,1.60E-02
trt1,rep2,2.094315E+03,1.60E-02
trt1,rep2,2.096243E+03,1.65E-02
trt1,rep2,2.098172E+03,1.67E-02
trt1,rep2,2.100100E+03,1.68E-02
trt1,rep2,2.102029E+03,1.69E-02
trt1,rep2,2.103957E+03,1.70E-02
trt1,rep2,2.105886E+03,1.70E-02
trt1,rep2,2.107814E+03,1.71E-02
trt1,rep2,2.109743E+03,1.73E-02
trt1,rep2,2.111671E+03,1.75E-02
trt1,rep2,2.113600E+03,1.76E-02
trt1,rep2,2.115528E+03,1.76E-02
trt1,rep2,2.117457E+03,1.75E-02
trt1,rep2,2.119385E+03,1.75E-02
trt1,rep2,2.121313E+03,1.74E-02
trt1,rep2,2.123242E+03,1.73E-02
trt1,rep2,2.125170E+03,1.73E-02
trt1,rep2,2.127099E+03,1.73E-02
trt1,rep2,2.129027E+03,1.71E-02
trt1,rep2,2.130956E+03,1.68E-02
trt1,rep2,2.132884E+03,1.66E-02
trt1,rep2,2.134813E+03,1.70E-02
trt1,rep2,2.136741E+03,1.75E-02
trt1,rep2,2.138670E+03,1.79E-02
trt1,rep2,2.140598E+03,1.80E-02
trt1,rep2,2.142527E+03,1.81E-02
trt1,rep2,2.144455E+03,1.82E-02
trt1,rep2,2.146384E+03,1.83E-02
trt1,rep2,2.148312E+03,1.82E-02
trt1,rep2,2.150240E+03,1.80E-02
trt1,rep2,2.152169E+03,1.74E-02
trt1,rep2,2.154097E+03,1.71E-02
trt1,rep2,2.156026E+03,1.72E-02
trt1,rep2,2.157954E+03,1.83E-02
trt1,rep2,2.159883E+03,2.00E-02
trt1,rep2,2.161811E+03,2.12E-02
trt1,rep2,2.163740E+03,2.15E-02
trt1,rep2,2.165668E+03,2.14E-02
trt1,rep2,2.167597E+03,2.09E-02
trt1,rep2,2.169525E+03,2.05E-02
trt1,rep2,2.171454E+03,2.03E-02
trt1,rep2,2.173382E+03,2.03E-02
trt1,rep2,2.175311E+03,2.03E-02
trt1,rep2,2.177239E+03,2.06E-02
trt1,rep2,2.179167E+03,2.06E-02
trt1,rep2,2.181096E+03,2.06E-02
trt1,rep2,2.183024E+03,2.08E-02
trt1,rep2,2.184953E+03,2.13E-02
trt1,rep2,2.186881E+03,2.15E-02
trt1,rep2,2.188810E+03,2.15E-02
trt1,rep2,2.190738E+03,2.13E-02
trt1,rep2,2.192667E+03,2.13E-02
trt1,rep2,2.194595E+03,2.14E-02
trt1,rep2,2.196524E+03,2.15E-02
trt1,rep2,2.198452E+03,2.15E-02
trt1,rep2,2.200381E+03,2.15E-02
trt1,rep2,2.202309E+03,2.15E-02
trt1,rep2,2.204238E+03,2.17E-02
trt1,rep2,2.206166E+03,2.17E-02
trt1,rep2,2.208094E+03,2.17E-02
trt1,rep2,2.210023E+03,2.17E-02
trt1,rep2,2.211951E+03,2.18E-02
trt1,rep2,2.213880E+03,2.19E-02
trt1,rep2,2.215808E+03,2.19E-02
trt1,rep2,2.217737E+03,2.20E-02
trt1,rep2,2.219665E+03,2.22E-02
trt1,rep2,2.221594E+03,2.23E-02
trt1,rep2,2.223522E+03,2.24E-02
trt1,rep2,2.225451E+03,2.24E-02
trt1,rep2,2.227379E+03,2.24E-02
trt1,rep2,2.229308E+03,2.23E-02
trt1,rep2,2.231236E+03,2.23E-02
trt1,rep2,2.233165E+03,2.23E-02
trt1,rep2,2.235093E+03,2.24E-02
trt1,rep2,2.237021E+03,2.23E-02
trt1,rep2,2.238950E+03,2.25E-02
trt1,rep2,2.240878E+03,2.28E-02
trt1,rep2,2.242807E+03,2.29E-02
trt1,rep2,2.244735E+03,2.29E-02
trt1,rep2,2.246664E+03,2.29E-02
trt1,rep2,2.248592E+03,2.27E-02
trt1,rep2,2.250521E+03,2.25E-02
trt1,rep2,2.252449E+03,2.26E-02
trt1,rep2,2.254378E+03,2.28E-02
trt1,rep2,2.256306E+03,2.30E-02
trt1,rep2,2.258235E+03,2.32E-02
trt1,rep2,2.260163E+03,2.34E-02
trt1,rep2,2.262092E+03,2.36E-02
trt1,rep2,2.264020E+03,2.36E-02
trt1,rep2,2.265948E+03,2.36E-02
trt1,rep2,2.267877E+03,2.36E-02
trt1,rep2,2.269805E+03,2.37E-02
trt1,rep2,2.271734E+03,2.38E-02
trt1,rep2,2.273662E+03,2.38E-02
trt1,rep2,2.275591E+03,2.38E-02
trt1,rep2,2.277519E+03,2.39E-02
trt1,rep2,2.279448E+03,2.40E-02
trt1,rep2,2.281376E+03,2.40E-02
trt1,rep2,2.283305E+03,2.41E-02
trt1,rep2,2.285233E+03,2.41E-02
trt1,rep2,2.287162E+03,2.40E-02
trt1,rep2,2.289090E+03,2.40E-02
trt1,rep2,2.291019E+03,2.40E-02
trt1,rep2,2.292947E+03,2.40E-02
trt1,rep2,2.294875E+03,2.40E-02
trt1,rep2,2.296804E+03,2.39E-02
trt1,rep2,2.298732E+03,2.40E-02
trt1,rep2,2.trt1661E+03,2.41E-02
trt1,rep2,2.302589E+03,2.42E-02
trt1,rep2,2.304518E+03,2.42E-02
trt1,rep2,2.306446E+03,2.43E-02
trt1,rep2,2.308375E+03,2.44E-02
trt1,rep2,2.310303E+03,2.44E-02
trt1,rep2,2.312232E+03,2.44E-02
trt1,rep2,2.314160E+03,2.45E-02
trt1,rep2,2.316089E+03,2.47E-02
trt1,rep2,2.318017E+03,2.49E-02
trt1,rep2,2.319946E+03,2.51E-02
trt1,rep2,2.321874E+03,2.54E-02
trt1,rep2,2.323802E+03,2.55E-02
trt1,rep2,2.325731E+03,2.51E-02
trt1,rep2,2.327659E+03,2.48E-02
trt1,rep2,2.329588E+03,2.47E-02
trt1,rep2,2.331516E+03,2.47E-02
trt1,rep2,2.333445E+03,2.46E-02
trt1,rep2,2.335373E+03,2.45E-02
trt1,rep2,2.337302E+03,2.47E-02
trt1,rep2,2.339230E+03,2.50E-02
trt1,rep2,2.341159E+03,2.50E-02
trt1,rep2,2.343087E+03,2.49E-02
trt1,rep2,2.345016E+03,2.47E-02
trt1,rep2,2.346944E+03,2.46E-02
trt1,rep2,2.348873E+03,2.48E-02
trt1,rep2,2.350801E+03,2.51E-02
trt1,rep2,2.352729E+03,2.53E-02
trt1,rep2,2.354658E+03,2.58E-02
trt1,rep2,2.356586E+03,2.62E-02
trt1,rep2,2.358515E+03,2.63E-02
trt1,rep2,2.360443E+03,2.61E-02
trt1,rep2,2.362372E+03,2.59E-02
trt1,rep2,2.364trt1E+03,2.57E-02
trt1,rep2,2.366229E+03,2.58E-02
trt1,rep2,2.368157E+03,2.57E-02
trt1,rep2,2.370086E+03,2.56E-02
trt1,rep2,2.372014E+03,2.56E-02
trt1,rep2,2.373943E+03,2.57E-02
trt1,rep2,2.375871E+03,2.58E-02
trt1,rep2,2.377800E+03,2.58E-02
trt1,rep2,2.379728E+03,2.58E-02
trt1,rep2,2.381656E+03,2.58E-02
trt1,rep2,2.383585E+03,2.59E-02
trt1,rep2,2.385513E+03,2.60E-02
trt1,rep2,2.387442E+03,2.61E-02
trt1,rep2,2.389370E+03,2.62E-02
trt1,rep2,2.391299E+03,2.62E-02
trt1,rep2,2.393227E+03,2.64E-02
trt1,rep2,2.395156E+03,2.65E-02
trt1,rep2,2.397084E+03,2.66E-02
trt1,rep2,2.399013E+03,2.67E-02
trt1,rep2,2.400941E+03,2.68E-02
trt1,rep2,2.402870E+03,2.68E-02
trt1,rep2,2.404798E+03,2.69E-02
trt1,rep2,2.406727E+03,2.70E-02
trt1,rep2,2.408655E+03,2.72E-02
trt1,rep2,2.410583E+03,2.73E-02
trt1,rep2,2.412512E+03,2.74E-02
trt1,rep2,2.414440E+03,2.75E-02
trt1,rep2,2.416369E+03,2.77E-02
trt1,rep2,2.418297E+03,2.77E-02
trt1,rep2,2.420226E+03,2.78E-02
trt1,rep2,2.422154E+03,2.79E-02
trt1,rep2,2.424083E+03,2.80E-02
trt1,rep2,2.426011E+03,2.81E-02
trt1,rep2,2.427940E+03,2.81E-02
trt1,rep2,2.429868E+03,2.82E-02
trt1,rep2,2.431797E+03,2.83E-02
trt1,rep2,2.433725E+03,2.85E-02
trt1,rep2,2.435654E+03,2.86E-02
trt1,rep2,2.437582E+03,2.87E-02
trt1,rep2,2.439510E+03,2.89E-02
trt1,rep2,2.441439E+03,2.90E-02
trt1,rep2,2.443367E+03,2.89E-02
trt1,rep2,2.445296E+03,2.90E-02
trt1,rep2,2.447224E+03,2.91E-02
trt1,rep2,2.449153E+03,2.92E-02
trt1,rep2,2.451081E+03,2.92E-02
trt1,rep2,2.453010E+03,2.93E-02
trt1,rep2,2.454938E+03,2.94E-02
trt1,rep2,2.456867E+03,2.94E-02
trt1,rep2,2.458795E+03,2.94E-02
trt1,rep2,2.460724E+03,2.94E-02
trt1,rep2,2.462652E+03,2.95E-02
trt1,rep2,2.464581E+03,2.95E-02
trt1,rep2,2.466509E+03,2.96E-02
trt1,rep2,2.468438E+03,2.97E-02
trt1,rep2,2.470366E+03,2.98E-02
trt1,rep2,2.472294E+03,2.99E-02
trt1,rep2,2.474223E+03,3.00E-02
trt1,rep2,2.476151E+03,3.02E-02
trt1,rep2,2.478080E+03,3.03E-02
trt1,rep2,2.480008E+03,3.04E-02
trt1,rep2,2.481937E+03,3.04E-02
trt1,rep2,2.483865E+03,3.04E-02
trt1,rep2,2.485794E+03,3.04E-02
trt1,rep2,2.487722E+03,3.04E-02
trt1,rep2,2.489651E+03,3.05E-02
trt1,rep2,2.491579E+03,3.07E-02
trt1,rep2,2.493508E+03,3.08E-02
trt1,rep2,2.495436E+03,3.08E-02
trt1,rep2,2.497365E+03,3.08E-02
trt1,rep2,2.499293E+03,3.08E-02
trt1,rep2,2.501221E+03,3.09E-02
trt1,rep2,2.503150E+03,3.09E-02
trt1,rep2,2.505078E+03,3.10E-02
trt1,rep2,2.507007E+03,3.12E-02
trt1,rep2,2.508935E+03,3.14E-02
trt1,rep2,2.510864E+03,3.14E-02
trt1,rep2,2.512792E+03,3.15E-02
trt1,rep2,2.514721E+03,3.16E-02
trt1,rep2,2.516649E+03,3.16E-02
trt1,rep2,2.518578E+03,3.16E-02
trt1,rep2,2.520506E+03,3.17E-02
trt1,rep2,2.522435E+03,3.18E-02
trt1,rep2,2.524363E+03,3.19E-02
trt1,rep2,2.526292E+03,3.20E-02
trt1,rep2,2.528220E+03,3.20E-02
trt1,rep2,2.530148E+03,3.20E-02
trt1,rep2,2.532077E+03,3.21E-02
trt1,rep2,2.534005E+03,3.21E-02
trt1,rep2,2.535934E+03,3.21E-02
trt1,rep2,2.537862E+03,3.23E-02
trt1,rep2,2.539791E+03,3.24E-02
trt1,rep2,2.541719E+03,3.25E-02
trt1,rep2,2.543648E+03,3.26E-02
trt1,rep2,2.545576E+03,3.26E-02
trt1,rep2,2.547505E+03,3.27E-02
trt1,rep2,2.549433E+03,3.26E-02
trt1,rep2,2.551362E+03,3.28E-02
trt1,rep2,2.553290E+03,3.28E-02
trt1,rep2,2.555219E+03,3.28E-02
trt1,rep2,2.557147E+03,3.29E-02
trt1,rep2,2.559075E+03,3.30E-02
trt1,rep2,2.561004E+03,3.30E-02
trt1,rep2,2.562932E+03,3.31E-02
trt1,rep2,2.564861E+03,3.32E-02
trt1,rep2,2.566789E+03,3.33E-02
trt1,rep2,2.568718E+03,3.32E-02
trt1,rep2,2.570646E+03,3.33E-02
trt1,rep2,2.572575E+03,3.34E-02
trt1,rep2,2.574503E+03,3.34E-02
trt1,rep2,2.576432E+03,3.35E-02
trt1,rep2,2.578360E+03,3.36E-02
trt1,rep2,2.580289E+03,3.37E-02
trt1,rep2,2.582217E+03,3.38E-02
trt1,rep2,2.584146E+03,3.39E-02
trt1,rep2,2.586074E+03,3.38E-02
trt1,rep2,2.588002E+03,3.38E-02
trt1,rep2,2.589931E+03,3.39E-02
trt1,rep2,2.591859E+03,3.40E-02
trt1,rep2,2.593788E+03,3.40E-02
trt1,rep2,2.595716E+03,3.41E-02
trt1,rep2,2.597645E+03,3.41E-02
trt1,rep2,2.599573E+03,3.41E-02
trt1,rep2,2.601502E+03,3.42E-02
trt1,rep2,2.603430E+03,3.42E-02
trt1,rep2,2.605359E+03,3.43E-02
trt1,rep2,2.607287E+03,3.43E-02
trt1,rep2,2.609216E+03,3.45E-02
trt1,rep2,2.611144E+03,3.46E-02
trt1,rep2,2.613073E+03,3.46E-02
trt1,rep2,2.615001E+03,3.45E-02
trt1,rep2,2.616929E+03,3.45E-02
trt1,rep2,2.618858E+03,3.46E-02
trt1,rep2,2.620786E+03,3.47E-02
trt1,rep2,2.622715E+03,3.47E-02
trt1,rep2,2.624643E+03,3.48E-02
trt1,rep2,2.626572E+03,3.48E-02
trt1,rep2,2.62trt30E+03,3.49E-02
trt1,rep2,2.630429E+03,3.49E-02
trt1,rep2,2.632357E+03,3.50E-02
trt1,rep2,2.634286E+03,3.50E-02
trt1,rep2,2.636214E+03,3.50E-02
trt1,rep2,2.638143E+03,3.50E-02
trt1,rep2,2.640071E+03,3.50E-02
trt1,rep2,2.642000E+03,3.50E-02
trt1,rep2,2.643928E+03,3.51E-02
trt1,rep2,2.645856E+03,3.51E-02
trt1,rep2,2.647785E+03,3.52E-02
trt1,rep2,2.649713E+03,3.52E-02
trt1,rep2,2.651642E+03,3.53E-02
trt1,rep2,2.653570E+03,3.52E-02
trt1,rep2,2.655499E+03,3.52E-02
trt1,rep2,2.657427E+03,3.52E-02
trt1,rep2,2.659356E+03,3.53E-02
trt1,rep2,2.661284E+03,3.52E-02
trt1,rep2,2.663213E+03,3.52E-02
trt1,rep2,2.665141E+03,3.52E-02
trt1,rep2,2.667070E+03,3.53E-02
trt1,rep2,2.668998E+03,3.53E-02
trt1,rep2,2.670927E+03,3.53E-02
trt1,rep2,2.672855E+03,3.54E-02
trt1,rep2,2.674783E+03,3.55E-02
trt1,rep2,2.676712E+03,3.56E-02
trt1,rep2,2.678640E+03,3.56E-02
trt1,rep2,2.680569E+03,3.56E-02
trt1,rep2,2.682497E+03,3.57E-02
trt1,rep2,2.684426E+03,3.58E-02
trt1,rep2,2.686354E+03,3.59E-02
trt1,rep2,2.688283E+03,3.60E-02
trt1,rep2,2.690211E+03,3.61E-02
trt1,rep2,2.692140E+03,3.61E-02
trt1,rep2,2.694068E+03,3.62E-02
trt1,rep2,2.695997E+03,3.63E-02
trt1,rep2,2.697925E+03,3.64E-02
trt1,rep2,2.699854E+03,3.65E-02
trt1,rep2,2.701782E+03,3.65E-02
trt1,rep2,2.703710E+03,3.66E-02
trt1,rep2,2.705639E+03,3.66E-02
trt1,rep2,2.707567E+03,3.67E-02
trt1,rep2,2.709496E+03,3.68E-02
trt1,rep2,2.711424E+03,3.69E-02
trt1,rep2,2.713353E+03,3.69E-02
trt1,rep2,2.715281E+03,3.70E-02
trt1,rep2,2.717210E+03,3.71E-02
trt1,rep2,2.719138E+03,3.72E-02
trt1,rep2,2.721067E+03,3.73E-02
trt1,rep2,2.722995E+03,3.74E-02
trt1,rep2,2.724924E+03,3.74E-02
trt1,rep2,2.726852E+03,3.74E-02
trt1,rep2,2.728781E+03,3.74E-02
trt1,rep2,2.730709E+03,3.75E-02
trt1,rep2,2.732637E+03,3.75E-02
trt1,rep2,2.734566E+03,3.76E-02
trt1,rep2,2.736494E+03,3.77E-02
trt1,rep2,2.738423E+03,3.78E-02
trt1,rep2,2.740351E+03,3.78E-02
trt1,rep2,2.742280E+03,3.79E-02
trt1,rep2,2.744208E+03,3.80E-02
trt1,rep2,2.746137E+03,3.80E-02
trt1,rep2,2.748065E+03,3.81E-02
trt1,rep2,2.749994E+03,3.82E-02
trt1,rep2,2.751922E+03,3.82E-02
trt1,rep2,2.753851E+03,3.82E-02
trt1,rep2,2.755779E+03,3.83E-02
trt1,rep2,2.757708E+03,3.83E-02
trt1,rep2,2.759636E+03,3.84E-02
trt1,rep2,2.761564E+03,3.85E-02
trt1,rep2,2.763493E+03,3.86E-02
trt1,rep2,2.765421E+03,3.86E-02
trt1,rep2,2.767350E+03,3.87E-02
trt1,rep2,2.769278E+03,3.89E-02
trt1,rep2,2.771207E+03,3.90E-02
trt1,rep2,2.773135E+03,3.91E-02
trt1,rep2,2.775064E+03,3.92E-02
trt1,rep2,2.776992E+03,3.93E-02
trt1,rep2,2.778921E+03,3.93E-02
trt1,rep2,2.780849E+03,3.94E-02
trt1,rep2,2.782778E+03,3.95E-02
trt1,rep2,2.784706E+03,3.96E-02
trt1,rep2,2.786635E+03,3.98E-02
trt1,rep2,2.788563E+03,3.99E-02
trt1,rep2,2.790491E+03,4.00E-02
trt1,rep2,2.792420E+03,4.01E-02
trt1,rep2,2.794348E+03,4.03E-02
trt1,rep2,2.796277E+03,4.04E-02
trt1,rep2,2.798205E+03,4.05E-02
trt1,rep2,2.800134E+03,4.07E-02
trt1,rep2,2.802062E+03,4.09E-02
trt1,rep2,2.803991E+03,4.11E-02
trt1,rep2,2.805919E+03,4.12E-02
trt1,rep2,2.807848E+03,4.14E-02
trt1,rep2,2.809776E+03,4.16E-02
trt1,rep2,2.811705E+03,4.17E-02
trt1,rep2,2.813633E+03,4.19E-02
trt1,rep2,2.815562E+03,4.21E-02
trt1,rep2,2.817490E+03,4.24E-02
trt1,rep2,2.819418E+03,4.26E-02
trt1,rep2,2.821347E+03,4.29E-02
trt1,rep2,2.823275E+03,4.32E-02
trt1,rep2,2.825204E+03,4.34E-02
trt1,rep2,2.827132E+03,4.37E-02
trt1,rep2,2.829061E+03,4.41E-02
trt1,rep2,2.830989E+03,4.45E-02
trt1,rep2,2.832918E+03,4.49E-02
trt1,rep2,2.834846E+03,4.54E-02
trt1,rep2,2.836775E+03,4.60E-02
trt1,rep2,2.838703E+03,4.67E-02
trt1,rep2,2.840632E+03,4.75E-02
trt1,rep2,2.842560E+03,4.84E-02
trt1,rep2,2.844489E+03,4.94E-02
trt1,rep2,2.846417E+03,5.07E-02
trt1,rep2,2.848345E+03,5.18E-02
trt1,rep2,2.trt3274E+03,5.27E-02
trt1,rep2,2.852202E+03,5.32E-02
trt1,rep2,2.854131E+03,5.33E-02
trt1,rep2,2.856059E+03,5.32E-02
trt1,rep2,2.857988E+03,5.29E-02
trt1,rep2,2.859916E+03,5.26E-02
trt1,rep2,2.861845E+03,5.22E-02
trt1,rep2,2.863773E+03,5.19E-02
trt1,rep2,2.865702E+03,5.18E-02
trt1,rep2,2.867630E+03,5.17E-02
trt1,rep2,2.869559E+03,5.17E-02
trt1,rep2,2.871487E+03,5.17E-02
trt1,rep2,2.873416E+03,5.18E-02
trt1,rep2,2.875344E+03,5.19E-02
trt1,rep2,2.877272E+03,5.19E-02
trt1,rep2,2.879201E+03,5.19E-02
trt1,rep2,2.881129E+03,5.21E-02
trt1,rep2,2.883058E+03,5.22E-02
trt1,rep2,2.884986E+03,5.24E-02
trt1,rep2,2.886915E+03,5.27E-02
trt1,rep2,2.888843E+03,5.30E-02
trt1,rep2,2.890772E+03,5.33E-02
trt1,rep2,2.892700E+03,5.35E-02
trt1,rep2,2.894629E+03,5.38E-02
trt1,rep2,2.896557E+03,5.41E-02
trt1,rep2,2.898486E+03,5.45E-02
trt1,rep2,2.900414E+03,5.48E-02
trt1,rep2,2.902343E+03,5.51E-02
trt1,rep2,2.904271E+03,5.55E-02
trt1,rep2,2.906199E+03,5.59E-02
trt1,rep2,2.908128E+03,5.64E-02
trt1,rep2,2.910056E+03,5.69E-02
trt1,rep2,2.911985E+03,5.75E-02
trt1,rep2,2.913913E+03,5.83E-02
trt1,rep2,2.915842E+03,5.90E-02
trt1,rep2,2.917770E+03,5.96E-02
trt1,rep2,2.919699E+03,6.00E-02
trt1,rep2,2.921627E+03,6.02E-02
trt1,rep2,2.923556E+03,6.03E-02
trt1,rep2,2.925484E+03,6.01E-02
trt1,rep2,2.927413E+03,5.98E-02
trt1,rep2,2.929341E+03,5.93E-02
trt1,rep2,2.931270E+03,5.87E-02
trt1,rep2,2.933198E+03,5.81E-02
trt1,rep2,2.935126E+03,5.73E-02
trt1,rep2,2.937055E+03,5.65E-02
trt1,rep2,2.938983E+03,5.57E-02
trt1,rep2,2.940912E+03,5.49E-02
trt1,rep2,2.942840E+03,5.41E-02
trt1,rep2,2.944769E+03,5.33E-02
trt1,rep2,2.946697E+03,5.26E-02
trt1,rep2,2.948626E+03,5.19E-02
trt1,rep2,2.950554E+03,5.14E-02
trt1,rep2,2.952483E+03,5.09E-02
trt1,rep2,2.954411E+03,5.04E-02
trt1,rep2,2.956340E+03,5.00E-02
trt1,rep2,2.958268E+03,4.96E-02
trt1,rep2,2.960197E+03,4.91E-02
trt1,rep2,2.962125E+03,4.87E-02
trt1,rep2,2.964053E+03,4.83E-02
trt1,rep2,2.965982E+03,4.79E-02
trt1,rep2,2.967910E+03,4.76E-02
trt1,rep2,2.969839E+03,4.72E-02
trt1,rep2,2.971767E+03,4.67E-02
trt1,rep2,2.973696E+03,4.63E-02
trt1,rep2,2.975624E+03,4.58E-02
trt1,rep2,2.977553E+03,4.54E-02
trt1,rep2,2.979481E+03,4.50E-02
trt1,rep2,2.981410E+03,4.47E-02
trt1,rep2,2.983338E+03,4.45E-02
trt1,rep2,2.985267E+03,4.43E-02
trt1,rep2,2.987195E+03,4.40E-02
trt1,rep2,2.989124E+03,4.38E-02
trt1,rep2,2.991052E+03,4.38E-02
trt1,rep2,2.992980E+03,4.37E-02
trt1,rep2,2.994909E+03,4.36E-02
trt1,rep2,2.996837E+03,4.35E-02
trt1,rep2,2.998766E+03,4.34E-02
trt1,rep2,3.000694E+03,4.33E-02
trt1,rep2,3.002623E+03,4.33E-02
trt1,rep2,3.004551E+03,4.34E-02
trt1,rep2,3.006480E+03,4.35E-02
trt1,rep2,3.008408E+03,4.36E-02
trt1,rep2,3.010337E+03,4.36E-02
trt1,rep2,3.012265E+03,4.36E-02
trt1,rep2,3.014194E+03,4.36E-02
trt1,rep2,3.016122E+03,4.36E-02
trt1,rep2,3.018051E+03,4.37E-02
trt1,rep2,3.019979E+03,4.38E-02
trt1,rep2,3.021907E+03,4.39E-02
trt1,rep2,3.023836E+03,4.41E-02
trt1,rep2,3.025764E+03,4.42E-02
trt1,rep2,3.027693E+03,4.43E-02
trt1,rep2,3.029621E+03,4.43E-02
trt1,rep2,3.031trt2E+03,4.45E-02
trt1,rep2,3.033478E+03,4.46E-02
trt1,rep2,3.035407E+03,4.47E-02
trt1,rep2,3.037335E+03,4.48E-02
trt1,rep2,3.039264E+03,4.49E-02
trt1,rep2,3.041192E+03,4.50E-02
trt1,rep2,3.043121E+03,4.52E-02
trt1,rep2,3.045049E+03,4.54E-02
trt1,rep2,3.046978E+03,4.55E-02
trt1,rep2,3.048906E+03,4.56E-02
trt1,rep2,3.050834E+03,4.58E-02
trt1,rep2,3.052763E+03,4.59E-02
trt1,rep2,3.054691E+03,4.60E-02
trt1,rep2,3.056620E+03,4.61E-02
trt1,rep2,3.058548E+03,4.63E-02
trt1,rep2,3.060477E+03,4.64E-02
trt1,rep2,3.062405E+03,4.66E-02
trt1,rep2,3.064334E+03,4.67E-02
trt1,rep2,3.066262E+03,4.67E-02
trt1,rep2,3.068191E+03,4.68E-02
trt1,rep2,3.070119E+03,4.70E-02
trt1,rep2,3.072048E+03,4.71E-02
trt1,rep2,3.073976E+03,4.72E-02
trt1,rep2,3.075905E+03,4.73E-02
trt1,rep2,3.077833E+03,4.75E-02
trt1,rep2,3.079761E+03,4.77E-02
trt1,rep2,3.081690E+03,4.78E-02
trt1,rep2,3.083618E+03,4.78E-02
trt1,rep2,3.085547E+03,4.79E-02
trt1,rep2,3.087475E+03,4.81E-02
trt1,rep2,3.089404E+03,4.82E-02
trt1,rep2,3.091332E+03,4.84E-02
trt1,rep2,3.093261E+03,4.85E-02
trt1,rep2,3.095189E+03,4.85E-02
trt1,rep2,3.097118E+03,4.87E-02
trt1,rep2,3.099046E+03,4.89E-02
trt1,rep2,3.100975E+03,4.90E-02
trt1,rep2,3.102903E+03,4.91E-02
trt1,rep2,3.104832E+03,4.92E-02
trt1,rep2,3.106760E+03,4.94E-02
trt1,rep2,3.108688E+03,4.95E-02
trt1,rep2,3.110617E+03,4.96E-02
trt1,rep2,3.112545E+03,4.98E-02
trt1,rep2,3.114474E+03,4.99E-02
trt1,rep2,3.116402E+03,5.01E-02
trt1,rep2,3.118331E+03,5.02E-02
trt1,rep2,3.120259E+03,5.03E-02
trt1,rep2,3.122188E+03,5.04E-02
trt1,rep2,3.124116E+03,5.06E-02
trt1,rep2,3.126045E+03,5.07E-02
trt1,rep2,3.127973E+03,5.08E-02
trt1,rep2,3.129902E+03,5.10E-02
trt1,rep2,3.131830E+03,5.11E-02
trt1,rep2,3.133759E+03,5.12E-02
trt1,rep2,3.135687E+03,5.13E-02
trt1,rep2,3.137615E+03,5.15E-02
trt1,rep2,3.139544E+03,5.17E-02
trt1,rep2,3.141472E+03,5.19E-02
trt1,rep2,3.143401E+03,5.20E-02
trt1,rep2,3.145329E+03,5.21E-02
trt1,rep2,3.147258E+03,5.22E-02
trt1,rep2,3.149186E+03,5.24E-02
trt1,rep2,3.151115E+03,5.25E-02
trt1,rep2,3.153043E+03,5.28E-02
trt1,rep2,3.154972E+03,5.30E-02
trt1,rep2,3.156900E+03,5.30E-02
trt1,rep2,3.158829E+03,5.31E-02
trt1,rep2,3.160757E+03,5.33E-02
trt1,rep2,3.162686E+03,5.34E-02
trt1,rep2,3.164614E+03,5.36E-02
trt1,rep2,3.166542E+03,5.38E-02
trt1,rep2,3.168471E+03,5.39E-02
trt1,rep2,3.170399E+03,5.40E-02
trt1,rep2,3.172328E+03,5.43E-02
trt1,rep2,3.174256E+03,5.45E-02
trt1,rep2,3.176185E+03,5.47E-02
trt1,rep2,3.178113E+03,5.48E-02
trt1,rep2,3.180042E+03,5.49E-02
trt1,rep2,3.181970E+03,5.51E-02
trt1,rep2,3.183899E+03,5.53E-02
trt1,rep2,3.185827E+03,5.54E-02
trt1,rep2,3.187756E+03,5.55E-02
trt1,rep2,3.189684E+03,5.56E-02
trt1,rep2,3.191613E+03,5.58E-02
trt1,rep2,3.193541E+03,5.60E-02
trt1,rep2,3.195469E+03,5.62E-02
trt1,rep2,3.197398E+03,5.64E-02
trt1,rep2,3.199326E+03,5.65E-02
trt1,rep2,3.201255E+03,5.66E-02
trt1,rep2,3.203183E+03,5.67E-02
trt1,rep2,3.205112E+03,5.69E-02
trt1,rep2,3.207040E+03,5.71E-02
trt1,rep2,3.208969E+03,5.72E-02
trt1,rep2,3.210897E+03,5.74E-02
trt1,rep2,3.212826E+03,5.75E-02
trt1,rep2,3.214754E+03,5.76E-02
trt1,rep2,3.216683E+03,5.77E-02
trt1,rep2,3.218611E+03,5.79E-02
trt1,rep2,3.220540E+03,5.80E-02
trt1,rep2,3.222468E+03,5.81E-02
trt1,rep2,3.224396E+03,5.83E-02
trt1,rep2,3.226325E+03,5.85E-02
trt1,rep2,3.228253E+03,5.86E-02
trt1,rep2,3.230182E+03,5.87E-02
trt1,rep2,3.232110E+03,5.89E-02
trt1,rep2,3.234039E+03,5.90E-02
trt1,rep2,3.235967E+03,5.91E-02
trt1,rep2,3.237896E+03,5.93E-02
trt1,rep2,3.239824E+03,5.95E-02
trt1,rep2,3.241753E+03,5.97E-02
trt1,rep2,3.243681E+03,5.98E-02
trt1,rep2,3.245610E+03,5.98E-02
trt1,rep2,3.247538E+03,5.99E-02
trt1,rep2,3.249467E+03,6.01E-02
trt1,rep2,3.251395E+03,6.02E-02
trt1,rep2,3.253323E+03,6.03E-02
trt1,rep2,3.255252E+03,6.04E-02
trt1,rep2,3.257180E+03,6.06E-02
trt1,rep2,3.259109E+03,6.07E-02
trt1,rep2,3.261037E+03,6.08E-02
trt1,rep2,3.262966E+03,6.09E-02
trt1,rep2,3.264894E+03,6.10E-02
trt1,rep2,3.266823E+03,6.10E-02
trt1,rep2,3.268751E+03,6.11E-02
trt1,rep2,3.270680E+03,6.12E-02
trt1,rep2,3.272608E+03,6.13E-02
trt1,rep2,3.274537E+03,6.13E-02
trt1,rep2,3.276465E+03,6.13E-02
trt1,rep2,3.278394E+03,6.14E-02
trt1,rep2,3.280322E+03,6.15E-02
trt1,rep2,3.282250E+03,6.16E-02
trt1,rep2,3.284179E+03,6.17E-02
trt1,rep2,3.286107E+03,6.16E-02
trt1,rep2,3.288036E+03,6.16E-02
trt1,rep2,3.289964E+03,6.16E-02
trt1,rep2,3.291893E+03,6.16E-02
trt1,rep2,3.293821E+03,6.14E-02
trt1,rep2,3.295750E+03,6.15E-02
trt1,rep2,3.297678E+03,6.15E-02
trt1,rep2,3.299607E+03,6.16E-02
trt1,rep2,3.301535E+03,6.15E-02
trt1,rep2,3.303464E+03,6.15E-02
trt1,rep2,3.305392E+03,6.17E-02
trt1,rep2,3.307321E+03,6.17E-02
trt1,rep2,3.309249E+03,6.15E-02
trt1,rep2,3.311177E+03,6.15E-02
trt1,rep2,3.313106E+03,6.16E-02
trt1,rep2,3.315034E+03,6.16E-02
trt1,rep2,3.316963E+03,6.15E-02
trt1,rep2,3.318891E+03,6.15E-02
trt1,rep2,3.320820E+03,6.15E-02
trt1,rep2,3.322748E+03,6.14E-02
trt1,rep2,3.324677E+03,6.14E-02
trt1,rep2,3.326605E+03,6.13E-02
trt1,rep2,3.328534E+03,6.12E-02
trt1,rep2,3.330462E+03,6.12E-02
trt1,rep2,3.332391E+03,6.14E-02
trt1,rep2,3.334319E+03,6.15E-02
trt1,rep2,3.336248E+03,6.13E-02
trt1,rep2,3.338176E+03,6.11E-02
trt1,rep2,3.340104E+03,6.11E-02
trt1,rep2,3.342033E+03,6.10E-02
trt1,rep2,3.343961E+03,6.08E-02
trt1,rep2,3.345890E+03,6.07E-02
trt1,rep2,3.347818E+03,6.06E-02
trt1,rep2,3.349747E+03,6.04E-02
trt1,rep2,3.351675E+03,6.02E-02
trt1,rep2,3.353604E+03,6.01E-02
trt1,rep2,3.355532E+03,5.99E-02
trt1,rep2,3.357461E+03,5.97E-02
trt1,rep2,3.359389E+03,5.96E-02
trt1,rep2,3.361318E+03,5.96E-02
trt1,rep2,3.363246E+03,5.95E-02
trt1,rep2,3.365175E+03,5.94E-02
trt1,rep2,3.367103E+03,5.91E-02
trt1,rep2,3.369031E+03,5.88E-02
trt1,rep2,3.370960E+03,5.85E-02
trt1,rep2,3.372888E+03,5.83E-02
trt1,rep2,3.374817E+03,5.81E-02
trt1,rep2,3.376745E+03,5.79E-02
trt1,rep2,3.378674E+03,5.77E-02
trt1,rep2,3.380602E+03,5.75E-02
trt1,rep2,3.382531E+03,5.73E-02
trt1,rep2,3.384459E+03,5.70E-02
trt1,rep2,3.386388E+03,5.68E-02
trt1,rep2,3.388316E+03,5.67E-02
trt1,rep2,3.390245E+03,5.66E-02
trt1,rep2,3.392173E+03,5.63E-02
trt1,rep2,3.394102E+03,5.60E-02
trt1,rep2,3.396030E+03,5.57E-02
trt1,rep2,3.397958E+03,5.53E-02
trt1,rep2,3.399887E+03,5.51E-02
trt1,rep2,3.401815E+03,5.50E-02
trt1,rep2,3.403744E+03,5.49E-02
trt1,rep2,3.405672E+03,5.46E-02
trt1,rep2,3.407601E+03,5.42E-02
trt1,rep2,3.409529E+03,5.39E-02
trt1,rep2,3.411458E+03,5.36E-02
trt1,rep2,3.413386E+03,5.34E-02
trt1,rep2,3.415315E+03,5.32E-02
trt1,rep2,3.417243E+03,5.29E-02
trt1,rep2,3.419172E+03,5.26E-02
trt1,rep2,3.421100E+03,5.21E-02
trt1,rep2,3.423029E+03,5.18E-02
trt1,rep2,3.424957E+03,5.16E-02
trt1,rep2,3.426885E+03,5.12E-02
trt1,rep2,3.428814E+03,5.09E-02
trt1,rep2,3.430742E+03,5.06E-02
trt1,rep2,3.432671E+03,5.03E-02
trt1,rep2,3.434599E+03,5.00E-02
trt1,rep2,3.436528E+03,4.96E-02
trt1,rep2,3.438456E+03,4.93E-02
trt1,rep2,3.440385E+03,4.90E-02
trt1,rep2,3.442313E+03,4.85E-02
trt1,rep2,3.444242E+03,4.82E-02
trt1,rep2,3.446170E+03,4.78E-02
trt1,rep2,3.448099E+03,4.70E-02
trt1,rep2,3.450027E+03,4.68E-02
trt1,rep2,3.451956E+03,4.65E-02
trt1,rep2,3.453884E+03,4.62E-02
trt1,rep2,3.455813E+03,4.59E-02
trt1,rep2,3.457741E+03,4.54E-02
trt1,rep2,3.459669E+03,4.50E-02
trt1,rep2,3.461598E+03,4.47E-02
trt1,rep2,3.463526E+03,4.42E-02
trt1,rep2,3.465455E+03,4.39E-02
trt1,rep2,3.467383E+03,4.35E-02
trt1,rep2,3.469312E+03,4.30E-02
trt1,rep2,3.471240E+03,4.27E-02
trt1,rep2,3.473169E+03,4.24E-02
trt1,rep2,3.475097E+03,4.20E-02
trt1,rep2,3.477026E+03,4.18E-02
trt1,rep2,3.478954E+03,4.16E-02
trt1,rep2,3.480883E+03,4.12E-02
trt1,rep2,3.482811E+03,4.07E-02
trt1,rep2,3.484740E+03,4.04E-02
trt1,rep2,3.486668E+03,4.00E-02
trt1,rep2,3.488596E+03,3.95E-02
trt1,rep2,3.490525E+03,3.92E-02
trt1,rep2,3.492453E+03,3.90E-02
trt1,rep2,3.494382E+03,3.87E-02
trt1,rep2,3.496310E+03,3.84E-02
trt1,rep2,3.498239E+03,3.82E-02
trt1,rep2,3.500167E+03,3.81E-02
trt1,rep2,3.502096E+03,3.76E-02
trt1,rep2,3.504024E+03,3.70E-02
trt1,rep2,3.505953E+03,3.68E-02
trt1,rep2,3.507881E+03,3.65E-02
trt1,rep2,3.509810E+03,3.57E-02
trt1,rep2,3.511738E+03,3.54E-02
trt1,rep2,3.513667E+03,3.54E-02
trt1,rep2,3.515595E+03,3.52E-02
trt1,rep2,3.517523E+03,3.50E-02
trt1,rep2,3.519452E+03,3.47E-02
trt1,rep2,3.521380E+03,3.45E-02
trt1,rep2,3.523309E+03,3.39E-02
trt1,rep2,3.525237E+03,3.34E-02
trt1,rep2,3.527166E+03,3.30E-02
trt1,rep2,3.529094E+03,3.25E-02
trt1,rep2,3.531023E+03,3.21E-02
trt1,rep2,3.532951E+03,3.20E-02
trt1,rep2,3.534880E+03,3.18E-02
trt1,rep2,3.536808E+03,3.14E-02
trt1,rep2,3.538737E+03,3.11E-02
trt1,rep2,3.540665E+03,3.08E-02
trt1,rep2,3.542594E+03,3.06E-02
trt1,rep2,3.544522E+03,3.02E-02
trt1,rep2,3.546450E+03,2.95E-02
trt1,rep2,3.548379E+03,2.91E-02
trt1,rep2,3.trt2307E+03,2.91E-02
trt1,rep2,3.552236E+03,2.86E-02
trt1,rep2,3.554164E+03,2.83E-02
trt1,rep2,3.556093E+03,2.82E-02
trt1,rep2,3.558021E+03,2.79E-02
trt1,rep2,3.559950E+03,2.75E-02
trt1,rep2,3.561878E+03,2.73E-02
trt1,rep2,3.563807E+03,2.74E-02
trt1,rep2,3.565735E+03,2.72E-02
trt1,rep2,3.567664E+03,2.61E-02
trt1,rep2,3.569592E+03,2.57E-02
trt1,rep2,3.571521E+03,2.55E-02
trt1,rep2,3.573449E+03,2.52E-02
trt1,rep2,3.575377E+03,2.47E-02
trt1,rep2,3.577306E+03,2.44E-02
trt1,rep2,3.579234E+03,2.40E-02
trt1,rep2,3.581163E+03,2.39E-02
trt1,rep2,3.583091E+03,2.40E-02
trt1,rep2,3.5trt320E+03,2.43E-02
trt1,rep2,3.586948E+03,2.38E-02
trt1,rep2,3.588877E+03,2.28E-02
trt1,rep2,3.590805E+03,2.28E-02
trt1,rep2,3.592734E+03,2.27E-02
trt1,rep2,3.594662E+03,2.22E-02
trt1,rep2,3.596591E+03,2.19E-02
trt1,rep2,3.598519E+03,2.17E-02
trt1,rep2,3.600448E+03,2.12E-02
trt1,rep2,3.602376E+03,2.09E-02
trt1,rep2,3.604304E+03,2.09E-02
trt1,rep2,3.606233E+03,2.10E-02
trt1,rep2,3.608161E+03,2.06E-02
trt1,rep2,3.610090E+03,2.02E-02
trt1,rep2,3.612018E+03,2.01E-02
trt1,rep2,3.613947E+03,1.96E-02
trt1,rep2,3.615875E+03,1.95E-02
trt1,rep2,3.617804E+03,1.95E-02
trt1,rep2,3.619732E+03,1.86E-02
trt1,rep2,3.621661E+03,1.81E-02
trt1,rep2,3.623589E+03,1.80E-02
trt1,rep2,3.625518E+03,1.83E-02
trt1,rep2,3.627446E+03,1.85E-02
trt1,rep2,3.629375E+03,1.73E-02
trt1,rep2,3.631303E+03,1.69E-02
trt1,rep2,3.633231E+03,1.67E-02
trt1,rep2,3.635160E+03,1.64E-02
trt1,rep2,3.637088E+03,1.62E-02
trt1,rep2,3.639017E+03,1.59E-02
trt1,rep2,3.640945E+03,1.56E-02
trt1,rep2,3.642874E+03,1.54E-02
trt1,rep2,3.644802E+03,1.59E-02
trt1,rep2,3.646731E+03,1.67E-02
trt1,rep2,3.648659E+03,1.63E-02
trt1,rep2,3.650588E+03,1.45E-02
trt1,rep2,3.652516E+03,1.41E-02
trt1,rep2,3.654445E+03,1.42E-02
trt1,rep2,3.656373E+03,1.35E-02
trt1,rep2,3.658302E+03,1.31E-02
trt1,rep2,3.660230E+03,1.30E-02
trt1,rep2,3.662158E+03,1.29E-02
trt1,rep2,3.664087E+03,1.29E-02
trt1,rep2,3.666015E+03,1.30E-02
trt1,rep2,3.667944E+03,1.35E-02
trt1,rep2,3.669872E+03,1.31E-02
trt1,rep2,3.671801E+03,1.28E-02
trt1,rep2,3.673729E+03,1.34E-02
trt1,rep2,3.675658E+03,1.26E-02
trt1,rep2,3.677586E+03,1.18E-02
trt1,rep2,3.679515E+03,1.16E-02
trt1,rep2,3.681443E+03,1.15E-02
trt1,rep2,3.683372E+03,1.16E-02
trt1,rep2,3.685trt1E+03,1.17E-02
trt1,rep2,3.687229E+03,1.20E-02
trt1,rep2,3.689157E+03,1.16E-02
trt1,rep2,3.691085E+03,1.10E-02
trt1,rep2,3.693014E+03,1.09E-02
trt1,rep2,3.694942E+03,1.08E-02
trt1,rep2,3.696871E+03,1.07E-02
trt1,rep2,3.698799E+03,1.08E-02
trt1,rep2,3.700728E+03,1.08E-02
trt1,rep2,3.702656E+03,1.05E-02
trt1,rep2,3.704585E+03,1.06E-02
trt1,rep2,3.706513E+03,1.08E-02
trt1,rep2,3.708442E+03,1.11E-02
trt1,rep2,3.710370E+03,1.10E-02
trt1,rep2,3.712299E+03,1.02E-02
trt1,rep2,3.714227E+03,9.96E-03
trt1,rep2,3.716156E+03,1.01E-02
trt1,rep2,3.718084E+03,1.02E-02
trt1,rep2,3.720012E+03,1.03E-02
trt1,rep2,3.721941E+03,1.04E-02
trt1,rep2,3.723869E+03,1.03E-02
trt1,rep2,3.725798E+03,1.01E-02
trt1,rep2,3.727726E+03,9.92E-03
trt1,rep2,3.729655E+03,1.02E-02
trt1,rep2,3.731583E+03,1.06E-02
trt1,rep2,3.733512E+03,1.09E-02
trt1,rep2,3.735440E+03,1.06E-02
trt1,rep2,3.737369E+03,1.00E-02
trt1,rep2,3.739297E+03,9.93E-03
trt1,rep2,3.741226E+03,1.01E-02
trt1,rep2,3.743154E+03,1.05E-02
trt1,rep2,3.745083E+03,1.01E-02
trt1,rep2,3.747011E+03,1.02E-02
trt1,rep2,3.748939E+03,1.08E-02
trt1,rep2,3.750868E+03,1.02E-02
trt1,rep2,3.752796E+03,9.24E-03
trt1,rep2,3.754725E+03,9.13E-03
trt1,rep2,3.756653E+03,9.26E-03
trt1,rep2,3.758582E+03,9.22E-03
trt1,rep2,3.760510E+03,8.71E-03
trt1,rep2,3.762439E+03,8.63E-03
trt1,rep2,3.764367E+03,8.84E-03
trt1,rep2,3.766296E+03,8.87E-03
trt1,rep2,3.768224E+03,8.99E-03
trt1,rep2,3.770153E+03,8.67E-03
trt1,rep2,3.772081E+03,8.34E-03
trt1,rep2,3.774010E+03,8.32E-03
trt1,rep2,3.775938E+03,8.46E-03
trt1,rep2,3.777866E+03,8.45E-03
trt1,rep2,3.779795E+03,8.00E-03
trt1,rep2,3.781723E+03,7.95E-03
trt1,rep2,3.783652E+03,8.00E-03
trt1,rep2,3.785580E+03,7.85E-03
trt1,rep2,3.787509E+03,7.80E-03
trt1,rep2,3.789437E+03,7.79E-03
trt1,rep2,3.791366E+03,7.76E-03
trt1,rep2,3.793294E+03,7.91E-03
trt1,rep2,3.795223E+03,8.11E-03
trt1,rep2,3.797151E+03,7.92E-03
trt1,rep2,3.799080E+03,8.23E-03
trt1,rep2,3.801008E+03,8.19E-03
trt1,rep2,3.802937E+03,7.59E-03
trt1,rep2,3.804865E+03,7.71E-03
trt1,rep2,3.806793E+03,7.28E-03
trt1,rep2,3.808722E+03,6.94E-03
trt1,rep2,3.810650E+03,7.03E-03
trt1,rep2,3.812579E+03,7.26E-03
trt1,rep2,3.814507E+03,7.64E-03
trt1,rep2,3.816436E+03,7.46E-03
trt1,rep2,3.818364E+03,7.74E-03
trt1,rep2,3.820293E+03,7.84E-03
trt1,rep2,3.822221E+03,6.91E-03
trt1,rep2,3.824150E+03,6.89E-03
trt1,rep2,3.826078E+03,6.79E-03
trt1,rep2,3.828007E+03,6.63E-03
trt1,rep2,3.829935E+03,6.75E-03
trt1,rep2,3.831864E+03,6.67E-03
trt1,rep2,3.833792E+03,6.72E-03
trt1,rep2,3.835720E+03,6.98E-03
trt1,rep2,3.837649E+03,7.09E-03
trt1,rep2,3.839577E+03,6.79E-03
trt1,rep2,3.841506E+03,6.51E-03
trt1,rep2,3.843434E+03,6.06E-03
trt1,rep2,3.845363E+03,5.82E-03
trt1,rep2,3.847291E+03,5.96E-03
trt1,rep2,3.849220E+03,6.26E-03
trt1,rep2,3.851148E+03,7.00E-03
trt1,rep2,3.853077E+03,6.76E-03
trt1,rep2,3.8trt205E+03,5.76E-03
trt1,rep2,3.856934E+03,5.65E-03
trt1,rep2,3.858862E+03,5.70E-03
trt1,rep2,3.860791E+03,5.84E-03
trt1,rep2,3.862719E+03,5.93E-03
trt1,rep2,3.864647E+03,5.44E-03
trt1,rep2,3.866576E+03,5.35E-03
trt1,rep2,3.86trt34E+03,5.74E-03
trt1,rep2,3.870433E+03,5.29E-03
trt1,rep2,3.872361E+03,5.13E-03
trt1,rep2,3.874290E+03,4.72E-03
trt1,rep2,3.876218E+03,4.72E-03
trt1,rep2,3.878147E+03,5.12E-03
trt1,rep2,3.880075E+03,4.97E-03
trt1,rep2,3.882004E+03,4.72E-03
trt1,rep2,3.883932E+03,4.92E-03
trt1,rep2,3.885861E+03,4.65E-03
trt1,rep2,3.887789E+03,4.69E-03
trt1,rep2,3.889718E+03,4.90E-03
trt1,rep2,3.891646E+03,4.42E-03
trt1,rep2,3.893574E+03,4.11E-03
trt1,rep2,3.89trt23E+03,4.28E-03
trt1,rep2,3.897431E+03,4.51E-03
trt1,rep2,3.899360E+03,4.44E-03
trt1,rep2,3.901288E+03,4.36E-03
trt1,rep2,3.903217E+03,4.25E-03
trt1,rep2,3.905145E+03,3.89E-03
trt1,rep2,3.907074E+03,3.78E-03
trt1,rep2,3.909002E+03,3.74E-03
trt1,rep2,3.910931E+03,3.55E-03
trt1,rep2,3.912859E+03,3.44E-03
trt1,rep2,3.914788E+03,3.49E-03
trt1,rep2,3.916716E+03,3.37E-03
trt1,rep2,3.918645E+03,3.32E-03
trt1,rep2,3.920573E+03,3.30E-03
trt1,rep2,3.922501E+03,3.38E-03
trt1,rep2,3.924430E+03,3.27E-03
trt1,rep2,3.926358E+03,3.13E-03
trt1,rep2,3.928287E+03,3.03E-03
trt1,rep2,3.930215E+03,2.85E-03
trt1,rep2,3.932144E+03,2.68E-03
trt1,rep2,3.934072E+03,2.46E-03
trt1,rep2,3.936001E+03,2.41E-03
trt1,rep2,3.937929E+03,2.41E-03
trt1,rep2,3.939858E+03,2.55E-03
trt1,rep2,3.941786E+03,2.62E-03
trt1,rep2,3.943715E+03,2.48E-03
trt1,rep2,3.945643E+03,2.57E-03
trt1,rep2,3.947572E+03,2.57E-03
trt1,rep2,3.949500E+03,2.37E-03
trt1,rep2,3.951428E+03,2.12E-03
trt1,rep2,3.953357E+03,1.89E-03
trt1,rep2,3.955285E+03,1.75E-03
trt1,rep2,3.957214E+03,1.67E-03
trt1,rep2,3.959142E+03,1.69E-03
trt1,rep2,3.961071E+03,1.63E-03
trt1,rep2,3.962999E+03,1.57E-03
trt1,rep2,3.964928E+03,1.66E-03
trt1,rep2,3.966856E+03,1.64E-03
trt1,rep2,3.968785E+03,1.51E-03
trt1,rep2,3.970713E+03,1.33E-03
trt1,rep2,3.972642E+03,1.18E-03
trt1,rep2,3.974570E+03,1.12E-03
trt1,rep2,3.976499E+03,1.01E-03
trt1,rep2,3.978427E+03,1.01E-03
trt1,rep2,3.980355E+03,9.61E-04
trt1,rep2,3.982284E+03,7.16E-04
trt1,rep2,3.984212E+03,5.50E-04
trt1,rep2,3.986141E+03,5.36E-04
trt1,rep2,3.988069E+03,5.78E-04
trt1,rep2,3.989998E+03,5.43E-04
trt1,rep2,3.991926E+03,4.26E-04
trt1,rep2,3.993855E+03,2.36E-04
trt1,rep2,3.995783E+03,8.94E-05
trt1,rep2,3.997712E+03,1.38E-04
trt1,rep2,3.999640E+03,1.38E-04
trt1,rep2,4.001569E+03,0.00E+00
